date,id,home,away,hs,as,neutral,type,hid,aid,hfg,afg
2022-08-27,401404146,Utah State Aggies,UConn Huskies,31,20,0,2,328,41,,
2022-08-27,401405058,Illinois Fighting Illini,Wyoming Cowboys,38,6,0,2,356,2751,,
2022-08-27,401405059,Northwestern Wildcats,Nebraska Cornhuskers,31,28,1,2,77,158,,
2022-08-27,401411090,Florida State Seminoles,Duquesne Dukes,47,7,0,2,52,2184,,
2022-08-27,401413213,Jacksonville State Gamecocks,Stephen F. Austin Lumberjacks,42,17,1,2,55,2617,,
2022-08-27,401413256,UNLV Rebels,Idaho State Bengals,52,21,0,2,2439,304,,
2022-08-27,401426530,Florida Atlantic Owls,Charlotte 49ers,43,13,0,2,2226,2429,,
2022-08-27,401426532,Western Kentucky Hilltoppers,Austin Peay Governors,38,27,0,2,98,2046,,
2022-08-28,401403853,Hawai'i Rainbow Warriors,Vanderbilt Commodores,10,63,0,2,62,238,,
2022-08-28,401409235,New Mexico State Aggies,Nevada Wolf Pack,12,23,0,2,166,2440,,
2022-08-28,401411091,North Carolina Tar Heels,Florida A&M Rattlers,56,24,0,2,153,50,,
2022-08-28,401426531,UTEP Miners,North Texas Mean Green,13,31,0,2,2638,249,,
2022-09-01,401403864,Tennessee Volunteers,Ball State Cardinals,59,10,0,2,2633,2050,,
2022-09-01,401411092,Pittsburgh Panthers,West Virginia Mountaineers,38,31,0,2,221,277,,
2022-09-01,401411093,Wake Forest Demon Deacons,VMI Keydets,44,10,0,2,154,2678,,
2022-09-01,401415610,UCF Knights,South Carolina State Bulldogs,56,10,0,2,2116,2569,,
2022-09-01,401416568,Akron Zips,St. Francis (PA) Red Flash,30,23,0,2,2006,2598,,
2022-09-01,401416569,Oklahoma State Cowboys,Central Michigan Chippewas,58,44,0,2,197,2117,,
2022-09-01,401418645,Samford Bulldogs,Kennesaw State Owls,27,17,0,2,2535,338,,
2022-09-01,401426533,Florida International Panthers,Bryant Bulldogs,38,37,0,2,2229,2803,,
2022-09-01,401441990,Toledo Rockets,Long Island University Sharks,37,0,0,2,2649,2341,,
2022-09-02,401403965,Arizona State Sun Devils,Northern Arizona Lumberjacks,40,3,0,2,9,2464,,
2022-09-02,401405060,Minnesota Golden Gophers,New Mexico State Aggies,38,0,0,2,135,166,,
2022-09-02,401405064,Purdue Boilermakers,Penn State Nittany Lions,31,35,0,2,2509,213,,
2022-09-02,401411094,Duke Blue Devils,Temple Owls,30,0,0,2,150,218,,
2022-09-02,401413224,Fresno State Bulldogs,Cal Poly Mustangs,35,7,0,2,278,13,,
2022-09-02,401415213,San José State Spartans,Portland State Vikings,21,17,0,2,23,2502,,
2022-09-02,401416590,Eastern Michigan Eagles,Eastern Kentucky Colonels,42,34,0,2,2199,2198,,
2022-09-02,401416591,Michigan State Spartans,Western Michigan Broncos,35,13,0,2,127,2711,,
2022-09-02,401416592,Northern Illinois Huskies,Eastern Illinois Panthers,34,27,0,2,2459,2197,,
2022-09-02,401420806,Central Arkansas Bears,Missouri State Bears,14,27,0,2,2110,2623,,
2022-09-02,401426330,Old Dominion Monarchs,Virginia Tech Hokies,20,17,0,2,295,259,,
2022-09-02,401426534,UAB Blazers,Alabama A&M Bulldogs,59,0,0,2,5,2010,,
2022-09-02,401426535,Charlotte 49ers,William & Mary Tribe,24,41,0,2,2429,2729,,
2022-09-02,401426537,Missouri Tigers,Louisiana Tech Bulldogs,52,24,0,2,142,2348,,
2022-09-03,401403854,Alabama Crimson Tide,Utah State Aggies,55,0,0,2,333,328,,
2022-09-03,401403855,Arkansas Razorbacks,Cincinnati Bearcats,31,24,0,2,8,2132,,
2022-09-03,401403856,Auburn Tigers,Mercer Bears,42,16,0,2,2,2382,,
2022-09-03,401403857,Florida Gators,Utah Utes,29,26,0,2,57,254,,
2022-09-03,401403858,Georgia Bulldogs,Oregon Ducks,49,3,1,2,61,2483,,
2022-09-03,401403859,Kentucky Wildcats,Miami (OH) RedHawks,37,13,0,2,96,193,,
2022-09-03,401403860,Ole Miss Rebels,Troy Trojans,28,10,0,2,145,2653,,
2022-09-03,401403861,Mississippi State Bulldogs,Memphis Tigers,49,23,0,2,344,235,,
2022-09-03,401403863,South Carolina Gamecocks,Georgia State Panthers,35,14,0,2,2579,2247,,
2022-09-03,401403865,Texas A&M Aggies,Sam Houston Bearkats,31,0,0,2,245,2534,,
2022-09-03,401403866,Vanderbilt Commodores,Elon Phoenix,42,31,0,2,238,2210,,
2022-09-03,401403966,Colorado Buffaloes,TCU Horned Frogs,13,38,0,2,38,2628,,
2022-09-03,401403967,San Diego State Aztecs,Arizona Wildcats,20,38,0,2,21,12,,
2022-09-03,401403968,California Golden Bears,UC Davis Aggies,34,13,0,2,25,302,,
2022-09-03,401403971,UCLA Bruins,Bowling Green Falcons,45,17,0,2,26,189,,
2022-09-03,401404052,Kansas Jayhawks,Tennessee Tech Golden Eagles,56,10,0,2,2305,2635,,
2022-09-03,401404056,Kansas State Wildcats,South Dakota Coyotes,34,0,0,2,2306,233,,
2022-09-03,401404057,Iowa State Cyclones,Southeast Missouri State Redhawks,42,10,0,2,66,2546,,
2022-09-03,401404124,Ohio State Buckeyes,Notre Dame Fighting Irish,21,10,0,2,194,87,,
2022-09-03,401404134,Coastal Carolina Chanticleers,Army Black Knights,38,28,0,2,324,349,,
2022-09-03,401404147,UConn Huskies,Central Connecticut Blue Devils,28,3,0,2,41,2115,,
2022-09-03,401404157,Southern Miss Golden Eagles,Liberty Flames,27,29,0,2,2572,2335,,
2022-09-03,401405061,Indiana Hoosiers,Illinois Fighting Illini,23,20,0,2,84,356,,
2022-09-03,401405062,Iowa Hawkeyes,South Dakota State Jackrabbits,7,3,0,2,2294,2571,,
2022-09-03,401405063,Nebraska Cornhuskers,North Dakota Fighting Hawks,38,17,0,2,158,155,,
2022-09-03,401405065,Wisconsin Badgers,Illinois State Redbirds,38,0,0,2,275,2287,,
2022-09-03,401405066,Maryland Terrapins,Buffalo Bulls,31,10,0,2,120,2084,,
2022-09-03,401405067,Michigan Wolverines,Colorado State Rams,51,7,0,2,130,36,,
2022-09-03,401405069,Boston College Eagles,Rutgers Scarlet Knights,21,22,0,2,103,164,,
2022-09-03,401411095,Appalachian State Mountaineers,North Carolina Tar Heels,61,63,0,2,2026,153,,
2022-09-03,401411096,East Carolina Pirates,NC State Wolfpack,20,21,0,2,151,152,,
2022-09-03,401411097,Miami Hurricanes,Bethune-Cookman Wildcats,70,13,0,2,2390,2065,,
2022-09-03,401411100,Virginia Cavaliers,Richmond Spiders,34,17,0,2,258,257,,
2022-09-03,401413214,Jacksonville State Gamecocks,Davidson Wildcats,35,17,0,2,55,2166,,
2022-09-03,401414778,Tulane Green Wave,Massachusetts Minutemen,42,10,0,2,2655,113,,
2022-09-03,401415015,Marshall Thundering Herd,Norfolk State Spartans,55,3,0,2,276,2450,,
2022-09-03,401415209,Air Force Falcons,Northern Iowa Panthers,48,17,0,2,2005,2460,,
2022-09-03,401415211,Wyoming Cowboys,Tulsa Golden Hurricane,40,37,0,2,2751,202,,
2022-09-03,401415212,Nevada Wolf Pack,Texas State Bobcats,38,14,0,2,2440,326,,
2022-09-03,401415611,Navy Midshipmen,Delaware Blue Hens,7,14,0,2,2426,48,,
2022-09-03,401415612,South Florida Bulls,BYU Cougars,21,50,0,2,58,252,,
2022-09-03,401420777,Georgia Southern Eagles,Morgan State Bears,59,7,0,2,290,2415,,
2022-09-03,401420836,North Dakota State Bison,Drake Bulldogs,56,14,0,2,2449,2181,,
2022-09-03,401421116,South Alabama Jaguars,Nicholls Colonels,48,7,0,2,6,2447,,
2022-09-03,401421121,Louisiana Ragin' Cajuns,SE Louisiana Lions,24,7,0,2,309,2545,,
2022-09-03,401424416,Baylor Bears,Albany Great Danes,69,10,0,2,239,399,,
2022-09-03,401425418,Arkansas State Red Wolves,Grambling Tigers,58,3,0,2,2032,2755,,
2022-09-03,401426536,Ohio Bobcats,Florida Atlantic Owls,41,38,0,2,195,2226,,
2022-09-03,401426538,James Madison Dukes,Middle Tennessee Blue Raiders,44,7,0,2,256,2393,,
2022-09-03,401426539,North Texas Mean Green,SMU Mustangs,10,48,0,2,249,2567,,
2022-09-03,401426540,USC Trojans,Rice Owls,66,14,0,2,30,242,,
2022-09-03,401426541,Oklahoma Sooners,UTEP Miners,45,13,0,2,201,2638,,
2022-09-03,401426542,UTSA Roadrunners,Houston Cougars,35,37,0,2,2636,248,,
2022-09-04,401403867,LSU Tigers,Florida State Seminoles,23,24,1,2,99,52,,
2022-09-04,401403969,Oregon State Beavers,Boise State Broncos,34,17,0,2,204,68,,
2022-09-04,401403970,Stanford Cardinal,Colgate Raiders,41,10,0,2,24,2142,,
2022-09-04,401403973,Washington Huskies,Kent State Golden Flashes,45,20,0,2,264,2309,,
2022-09-04,401403974,Washington State Cougars,Idaho Vandals,24,17,0,2,265,70,,
2022-09-04,401404055,Texas Tech Red Raiders,Murray State Racers,63,10,0,2,2641,93,,
2022-09-04,401404059,Texas Longhorns,UL Monroe Warhawks,52,10,0,2,251,2433,,
2022-09-04,401411099,Syracuse Orange,Louisville Cardinals,31,7,0,2,183,97,,
2022-09-04,401415210,New Mexico Lobos,Maine Black Bears,41,0,0,2,167,311,,
2022-09-04,401420855,Sacramento State Hornets,Utah Tech Trailblazers,56,33,0,2,16,3101,,
2022-09-04,401426543,Hawai'i Rainbow Warriors,Western Kentucky Hilltoppers,17,49,0,2,62,98,,
2022-09-06,401411101,Georgia Tech Yellow Jackets,Clemson Tigers,10,41,0,2,59,228,,
2022-09-09,401415613,UCF Knights,Louisville Cardinals,14,20,0,2,2116,97,,
2022-09-09,401420807,Missouri State Bears,UT Martin Skyhawks,35,30,0,2,2623,2630,,
2022-09-10,401403868,Texas Longhorns,Alabama Crimson Tide,19,20,0,2,251,333,,
2022-09-10,401403869,Arkansas Razorbacks,South Carolina Gamecocks,44,30,0,2,8,2579,,
2022-09-10,401403870,Auburn Tigers,San José State Spartans,24,16,0,2,2,23,,
2022-09-10,401403871,Florida Gators,Kentucky Wildcats,16,26,0,2,57,96,,
2022-09-10,401403872,Georgia Bulldogs,Samford Bulldogs,33,0,0,2,61,2535,,
2022-09-10,401403873,LSU Tigers,Southern Jaguars,65,17,0,2,99,2582,,
2022-09-10,401403874,Ole Miss Rebels,Central Arkansas Bears,59,3,0,2,145,2110,,
2022-09-10,401403876,Kansas State Wildcats,Missouri Tigers,40,12,0,2,2306,142,,
2022-09-10,401403877,Pittsburgh Panthers,Tennessee Volunteers,27,34,0,2,221,2633,,
2022-09-10,401403878,Texas A&M Aggies,Appalachian State Mountaineers,14,17,0,2,245,2026,,
2022-09-10,401403879,Vanderbilt Commodores,Wake Forest Demon Deacons,25,45,0,2,238,154,,
2022-09-10,401403975,Oklahoma State Cowboys,Arizona State Sun Devils,34,17,0,2,197,9,,
2022-09-10,401403976,California Golden Bears,UNLV Rebels,20,14,0,2,25,2439,,
2022-09-10,401403977,Air Force Falcons,Colorado Buffaloes,41,10,0,2,2005,38,,
2022-09-10,401403980,Stanford Cardinal,USC Trojans,28,41,0,2,24,30,,
2022-09-10,401403981,UCLA Bruins,Alabama State Hornets,45,7,0,2,26,2011,,
2022-09-10,401403982,Utah Utes,Southern Utah Thunderbirds,73,7,0,2,254,253,,
2022-09-10,401403983,Washington Huskies,Portland State Vikings,52,6,0,2,264,2502,,
2022-09-10,401403984,Wisconsin Badgers,Washington State Cougars,14,17,0,2,275,265,,
2022-09-10,401404063,Texas Tech Red Raiders,Houston Cougars,33,30,0,2,2641,248,,
2022-09-10,401404064,Iowa Hawkeyes,Iowa State Cyclones,7,10,0,2,2294,66,,
2022-09-10,401404065,West Virginia Mountaineers,Kansas Jayhawks,42,55,0,2,277,2305,,
2022-09-10,401404066,Oklahoma Sooners,Kent State Golden Flashes,33,3,0,2,201,2309,,
2022-09-10,401404125,Notre Dame Fighting Irish,Marshall Thundering Herd,21,26,0,2,87,276,,
2022-09-10,401404148,UConn Huskies,Syracuse Orange,14,48,0,2,41,183,,
2022-09-10,401405070,Illinois Fighting Illini,Virginia Cavaliers,24,3,0,2,356,258,,
2022-09-10,401405071,Minnesota Golden Gophers,Western Illinois Leathernecks,62,10,0,2,135,2710,,
2022-09-10,401405072,Nebraska Cornhuskers,Georgia Southern Eagles,42,45,0,2,158,290,,
2022-09-10,401405073,Northwestern Wildcats,Duke Blue Devils,23,31,0,2,77,150,,
2022-09-10,401405074,Purdue Boilermakers,Indiana State Sycamores,56,0,0,2,2509,282,,
2022-09-10,401405078,Michigan State Spartans,Akron Zips,52,0,0,2,127,2006,,
2022-09-10,401405079,Ohio State Buckeyes,Arkansas State Red Wolves,45,12,0,2,194,2032,,
2022-09-10,401405080,Penn State Nittany Lions,Ohio Bobcats,46,10,0,2,213,195,,
2022-09-10,401405081,Rutgers Scarlet Knights,Wagner Seahawks,66,7,0,2,164,2681,,
2022-09-10,401411102,Clemson Tigers,Furman Paladins,35,12,0,2,228,231,,
2022-09-10,401411103,Georgia State Panthers,North Carolina Tar Heels,28,35,0,2,2247,153,,
2022-09-10,401411104,Georgia Tech Yellow Jackets,Western Carolina Catamounts,35,17,0,2,59,2717,,
2022-09-10,401411105,Miami Hurricanes,Southern Miss Golden Eagles,30,7,0,2,2390,2572,,
2022-09-10,401411106,NC State Wolfpack,Charleston Southern Buccaneers,55,3,0,2,152,2127,,
2022-09-10,401413215,Murray State Racers,Jacksonville State Gamecocks,3,34,0,2,93,55,,
2022-09-10,401414779,Toledo Rockets,Massachusetts Minutemen,55,10,0,2,2649,113,,
2022-09-10,401415024,East Carolina Pirates,Old Dominion Monarchs,39,21,0,2,151,295,,
2022-09-10,401415170,Sam Houston Bearkats,Northern Arizona Lumberjacks,3,10,0,2,2534,2464,,
2022-09-10,401415177,Wyoming Cowboys,Northern Colorado Bears,33,10,0,2,2751,2458,,
2022-09-10,401415214,New Mexico Lobos,Boise State Broncos,14,31,0,2,167,68,,
2022-09-10,401415215,Utah State Aggies,Weber State Wildcats,7,35,0,2,328,2692,,
2022-09-10,401415216,Nevada Wolf Pack,Incarnate Word Cardinals,41,55,0,2,2440,2916,,
2022-09-10,401415614,Temple Owls,Lafayette Leopards,30,14,0,2,218,322,,
2022-09-10,401415615,Tulane Green Wave,Alcorn State Braves,52,0,0,2,2655,2016,,
2022-09-10,401415616,SMU Mustangs,Lamar Cardinals,45,16,0,2,2567,2320,,
2022-09-10,401415617,Navy Midshipmen,Memphis Tigers,13,37,0,2,2426,235,,
2022-09-10,401415618,South Florida Bulls,Howard Bison,42,20,0,2,58,47,,
2022-09-10,401415619,Cincinnati Bearcats,Kennesaw State Owls,63,10,0,2,2132,338,,
2022-09-10,401415620,Tulsa Golden Hurricane,Northern Illinois Huskies,38,35,0,2,202,2459,,
2022-09-10,401416594,Ball State Cardinals,Western Michigan Broncos,30,37,0,2,2050,2711,,
2022-09-10,401416595,Bowling Green Falcons,Eastern Kentucky Colonels,57,59,0,2,189,2198,,
2022-09-10,401416596,Buffalo Bulls,Holy Cross Crusaders,31,37,0,2,2084,107,,
2022-09-10,401416597,Central Michigan Chippewas,South Alabama Jaguars,24,38,0,2,2117,6,,
2022-09-10,401416598,Louisiana Ragin' Cajuns,Eastern Michigan Eagles,49,21,0,2,309,2199,,
2022-09-10,401416599,Miami (OH) RedHawks,Robert Morris Colonials,31,14,0,2,193,2523,,
2022-09-10,401420788,James Madison Dukes,Norfolk State Spartans,63,7,0,2,256,2450,,
2022-09-10,401420837,North Dakota State Bison,North Carolina A&T Aggies,43,3,0,2,2449,2448,,
2022-09-10,401423439,Troy Trojans,Alabama A&M Bulldogs,38,17,0,2,2653,2010,,
2022-09-10,401424419,Delaware Blue Hens,Delaware State Hornets,35,9,0,2,48,2169,,
2022-09-10,401426332,Coastal Carolina Chanticleers,Gardner-Webb Runnin' Bulldogs,31,27,0,2,324,2241,,
2022-09-10,401426544,Texas State Bobcats,Florida International Panthers,41,12,0,2,326,2229,,
2022-09-10,401426545,Charlotte 49ers,Maryland Terrapins,21,56,0,2,2429,120,,
2022-09-10,401426546,Florida Atlantic Owls,SE Louisiana Lions,42,9,0,2,2226,2545,,
2022-09-10,401426547,Louisiana Tech Bulldogs,Stephen F. Austin Lumberjacks,52,17,0,2,2348,2617,,
2022-09-10,401426548,Colorado State Rams,Middle Tennessee Blue Raiders,19,34,0,2,36,2393,,
2022-09-10,401426549,North Texas Mean Green,Texas Southern Tigers,59,27,0,2,249,2640,,
2022-09-10,401426550,Rice Owls,McNeese Cowboys,52,10,0,2,242,2377,,
2022-09-10,401426551,Liberty Flames,UAB Blazers,21,14,0,2,2335,5,,
2022-09-10,401426553,Army Black Knights,UTSA Roadrunners,38,41,0,2,349,2636,,
2022-09-11,401403875,Arizona Wildcats,Mississippi State Bulldogs,17,39,0,2,12,344,,
2022-09-11,401403978,Oregon Ducks,Eastern Washington Eagles,70,14,0,2,2483,331,,
2022-09-11,401403979,Fresno State Bulldogs,Oregon State Beavers,32,35,0,2,278,204,,
2022-09-11,401404062,BYU Cougars,Baylor Bears,26,20,0,2,252,239,,
2022-09-11,401404067,TCU Horned Frogs,Tarleton Texans,59,17,0,2,2628,2627,,
2022-09-11,401405075,Indiana Hoosiers,Idaho Vandals,35,22,0,2,84,70,,
2022-09-11,401405077,Michigan Wolverines,Hawai'i Rainbow Warriors,56,10,0,2,130,62,,
2022-09-11,401411108,Virginia Tech Hokies,Boston College Eagles,27,10,0,2,259,103,,
2022-09-11,401413257,San Diego State Aztecs,Idaho State Bengals,38,7,0,2,21,304,,
2022-09-11,401421117,UL Monroe Warhawks,Nicholls Colonels,35,7,0,2,2433,2447,,
2022-09-11,401426552,UTEP Miners,New Mexico State Aggies,20,13,0,2,2638,166,,
2022-09-16,401411109,Louisville Cardinals,Florida State Seminoles,31,35,0,2,97,52,,
2022-09-17,401403880,Alabama Crimson Tide,UL Monroe Warhawks,63,7,0,2,333,2433,,
2022-09-17,401403881,Arkansas Razorbacks,Missouri State Bears,38,27,0,2,8,2623,,
2022-09-17,401403882,Auburn Tigers,Penn State Nittany Lions,12,41,0,2,2,213,,
2022-09-17,401403883,Florida Gators,South Florida Bulls,31,28,0,2,57,58,,
2022-09-17,401403884,Kentucky Wildcats,Youngstown State Penguins,31,0,0,2,96,2754,,
2022-09-17,401403885,LSU Tigers,Mississippi State Bulldogs,31,16,0,2,99,344,,
2022-09-17,401403886,Georgia Tech Yellow Jackets,Ole Miss Rebels,0,42,0,2,59,145,,
2022-09-17,401403887,Missouri Tigers,Abilene Christian Wildcats,34,17,0,2,142,2000,,
2022-09-17,401403888,South Carolina Gamecocks,Georgia Bulldogs,7,48,0,2,2579,61,,
2022-09-17,401403889,Tennessee Volunteers,Akron Zips,63,6,0,2,2633,2006,,
2022-09-17,401403891,Northern Illinois Huskies,Vanderbilt Commodores,28,38,0,2,2459,238,,
2022-09-17,401403987,Notre Dame Fighting Irish,California Golden Bears,24,17,0,2,87,25,,
2022-09-17,401403988,Minnesota Golden Gophers,Colorado Buffaloes,49,7,0,2,135,38,,
2022-09-17,401403989,Oregon Ducks,BYU Cougars,41,20,0,2,2483,252,,
2022-09-17,401403991,UCLA Bruins,South Alabama Jaguars,32,31,0,2,26,6,,
2022-09-17,401403994,Washington Huskies,Michigan State Spartans,39,28,0,2,264,127,,
2022-09-17,401403995,Washington State Cougars,Colorado State Rams,38,7,0,2,265,36,,
2022-09-17,401404068,Houston Cougars,Kansas Jayhawks,30,48,0,2,248,2305,,
2022-09-17,401404069,Iowa State Cyclones,Ohio Bobcats,43,10,0,2,66,195,,
2022-09-17,401404070,Nebraska Cornhuskers,Oklahoma Sooners,14,49,0,2,158,201,,
2022-09-17,401404071,Baylor Bears,Texas State Bobcats,42,7,0,2,239,326,,
2022-09-17,401404072,NC State Wolfpack,Texas Tech Red Raiders,27,14,0,2,152,2641,,
2022-09-17,401404073,West Virginia Mountaineers,Towson Tigers,65,7,0,2,277,119,,
2022-09-17,401404074,Kansas State Wildcats,Tulane Green Wave,10,17,0,2,2306,2655,,
2022-09-17,401404075,Oklahoma State Cowboys,Arkansas-Pine Bluff Golden Lions,63,7,0,2,197,2029,,
2022-09-17,401404136,Army Black Knights,Villanova Wildcats,49,10,0,2,349,222,,
2022-09-17,401404149,Michigan Wolverines,UConn Huskies,59,0,0,2,130,41,,
2022-09-17,401404159,Wake Forest Demon Deacons,Liberty Flames,37,36,0,2,154,2335,,
2022-09-17,401405082,Iowa Hawkeyes,Nevada Wolf Pack,27,0,0,2,2294,2440,,
2022-09-17,401405083,Northwestern Wildcats,Southern Illinois Salukis,24,31,0,2,77,79,,
2022-09-17,401405084,Syracuse Orange,Purdue Boilermakers,32,29,0,2,183,2509,,
2022-09-17,401405085,Wisconsin Badgers,New Mexico State Aggies,66,7,0,2,275,166,,
2022-09-17,401405087,Maryland Terrapins,SMU Mustangs,34,27,0,2,120,2567,,
2022-09-17,401405088,Ohio State Buckeyes,Toledo Rockets,77,21,0,2,194,2649,,
2022-09-17,401405089,Temple Owls,Rutgers Scarlet Knights,14,16,0,2,218,164,,
2022-09-17,401411110,Boston College Eagles,Maine Black Bears,38,17,0,2,103,311,,
2022-09-17,401411112,Duke Blue Devils,North Carolina A&T Aggies,49,20,0,2,150,2448,,
2022-09-17,401411113,Virginia Cavaliers,Old Dominion Monarchs,16,14,0,2,258,295,,
2022-09-17,401411114,Virginia Tech Hokies,Wofford Terriers,27,7,0,2,259,2747,,
2022-09-17,401411115,Western Michigan Broncos,Pittsburgh Panthers,13,34,0,2,2711,221,,
2022-09-17,401413216,Tulsa Golden Hurricane,Jacksonville State Gamecocks,54,17,0,2,202,55,,
2022-09-17,401414780,Massachusetts Minutemen,Stony Brook Seawolves,20,3,0,2,113,2619,,
2022-09-17,401415029,Bowling Green Falcons,Marshall Thundering Herd,34,31,0,2,189,276,,
2022-09-17,401415032,Southern Miss Golden Eagles,Northwestern State Demons,64,10,0,2,2572,2466,,
2022-09-17,401415217,Wyoming Cowboys,Air Force Falcons,17,14,0,2,2751,2005,,
2022-09-17,401415218,Boise State Broncos,UT Martin Skyhawks,30,7,0,2,68,2630,,
2022-09-17,401415621,East Carolina Pirates,Campbell Fighting Camels,49,10,0,2,151,2097,,
2022-09-17,401415622,Memphis Tigers,Arkansas State Red Wolves,44,32,0,2,235,2032,,
2022-09-17,401415623,Miami (OH) RedHawks,Cincinnati Bearcats,17,38,1,2,193,2132,,
2022-09-17,401416600,Ball State Cardinals,Murray State Racers,31,0,0,2,2050,93,,
2022-09-17,401416601,Coastal Carolina Chanticleers,Buffalo Bulls,38,26,0,2,324,2084,,
2022-09-17,401416602,Central Michigan Chippewas,Bucknell Bison,41,0,0,2,2117,2083,,
2022-09-17,401416603,Kent State Golden Flashes,Long Island University Sharks,63,10,0,2,2309,2341,,
2022-09-17,401420869,Sam Houston Bearkats,Texas A&M-Commerce Lions,27,17,0,2,2534,2837,,
2022-09-17,401424424,Rhode Island Rams,Delaware Blue Hens,21,42,0,2,227,48,,
2022-09-17,401425456,Northern Iowa Panthers,Sacramento State Hornets,21,37,0,2,2460,16,,
2022-09-17,401426333,Appalachian State Mountaineers,Troy Trojans,32,28,0,2,2026,2653,,
2022-09-17,401426554,Georgia State Panthers,Charlotte 49ers,41,42,0,2,2247,2429,,
2022-09-17,401426555,Florida Atlantic Owls,UCF Knights,14,40,0,2,2226,2116,,
2022-09-17,401426557,Middle Tennessee Blue Raiders,Tennessee State Tigers,49,6,0,2,2393,2634,,
2022-09-17,401426558,UNLV Rebels,North Texas Mean Green,58,27,0,2,2439,249,,
2022-09-17,401426559,Rice Owls,Louisiana Ragin' Cajuns,33,21,0,2,242,309,,
2022-09-17,401426560,UAB Blazers,Georgia Southern Eagles,35,21,0,2,5,290,,
2022-09-17,401426563,Indiana Hoosiers,Western Kentucky Hilltoppers,33,30,0,2,84,98,,
2022-09-18,401403890,Texas A&M Aggies,Miami Hurricanes,17,9,0,2,245,2390,,
2022-09-18,401403985,Arizona Wildcats,North Dakota State Bison,31,28,0,2,12,2449,,
2022-09-18,401403986,Arizona State Sun Devils,Eastern Michigan Eagles,21,30,0,2,9,2199,,
2022-09-18,401403990,Oregon State Beavers,Montana State Bobcats,68,28,1,2,204,147,,
2022-09-18,401403992,USC Trojans,Fresno State Bulldogs,45,17,0,2,30,278,,
2022-09-18,401403993,Utah Utes,San Diego State Aztecs,35,7,0,2,254,21,,
2022-09-18,401415219,Hawai'i Rainbow Warriors,Duquesne Dukes,24,14,0,2,62,2184,,
2022-09-18,401426556,Clemson Tigers,Louisiana Tech Bulldogs,48,20,0,2,228,2348,,
2022-09-18,401426561,New Mexico Lobos,UTEP Miners,27,10,0,2,167,2638,,
2022-09-18,401426562,Texas Longhorns,UTSA Roadrunners,41,20,0,2,251,2636,,
2022-09-22,401411116,Virginia Tech Hokies,West Virginia Mountaineers,10,33,0,2,259,277,,
2022-09-22,401426334,Georgia State Panthers,Coastal Carolina Chanticleers,24,41,0,2,2247,324,,
2022-09-23,401411117,Syracuse Orange,Virginia Cavaliers,22,20,0,2,183,258,,
2022-09-23,401421129,Illinois Fighting Illini,Chattanooga Mocs,31,0,0,2,356,236,,
2022-09-24,401403892,Alabama Crimson Tide,Vanderbilt Commodores,55,3,0,2,333,238,,
2022-09-24,401403893,Texas A&M Aggies,Arkansas Razorbacks,23,21,1,2,245,8,,
2022-09-24,401403894,Auburn Tigers,Missouri Tigers,17,14,0,2,2,142,,
2022-09-24,401403895,Georgia Bulldogs,Kent State Golden Flashes,39,22,0,2,61,2309,,
2022-09-24,401403896,Kentucky Wildcats,Northern Illinois Huskies,31,23,0,2,96,2459,,
2022-09-24,401403897,LSU Tigers,New Mexico Lobos,38,0,0,2,99,167,,
2022-09-24,401403898,Ole Miss Rebels,Tulsa Golden Hurricane,35,27,0,2,145,202,,
2022-09-24,401403899,Mississippi State Bulldogs,Bowling Green Falcons,45,14,0,2,344,189,,
2022-09-24,401403901,Tennessee Volunteers,Florida Gators,38,33,0,2,2633,57,,
2022-09-24,401403996,California Golden Bears,Arizona Wildcats,49,31,0,2,25,12,,
2022-09-24,401403998,Colorado Buffaloes,UCLA Bruins,17,45,0,2,38,26,,
2022-09-24,401403999,Washington State Cougars,Oregon Ducks,41,44,0,2,265,2483,,
2022-09-24,401404078,SMU Mustangs,TCU Horned Frogs,34,42,0,2,2567,2628,,
2022-09-24,401404079,Kansas Jayhawks,Duke Blue Devils,35,27,0,2,2305,150,,
2022-09-24,401404080,Iowa State Cyclones,Baylor Bears,24,31,0,2,66,239,,
2022-09-24,401404082,Texas Tech Red Raiders,Texas Longhorns,37,34,0,2,2641,251,,
2022-09-24,401404126,North Carolina Tar Heels,Notre Dame Fighting Irish,32,45,0,2,153,87,,
2022-09-24,401404150,NC State Wolfpack,UConn Huskies,41,10,0,2,152,41,,
2022-09-24,401404160,Liberty Flames,Akron Zips,21,12,0,2,2335,2006,,
2022-09-24,401405091,Rutgers Scarlet Knights,Iowa Hawkeyes,10,27,0,2,164,2294,,
2022-09-24,401405092,Michigan State Spartans,Minnesota Golden Gophers,7,34,0,2,127,135,,
2022-09-24,401405093,Northwestern Wildcats,Miami (OH) RedHawks,14,17,0,2,77,193,,
2022-09-24,401405095,Ohio State Buckeyes,Wisconsin Badgers,52,21,0,2,194,275,,
2022-09-24,401405096,Cincinnati Bearcats,Indiana Hoosiers,45,24,0,2,2132,84,,
2022-09-24,401405097,Michigan Wolverines,Maryland Terrapins,34,27,0,2,130,120,,
2022-09-24,401405098,Penn State Nittany Lions,Central Michigan Chippewas,33,14,0,2,213,2117,,
2022-09-24,401411119,Louisville Cardinals,South Florida Bulls,41,3,0,2,97,58,,
2022-09-24,401411121,Pittsburgh Panthers,Rhode Island Rams,45,24,0,2,221,227,,
2022-09-24,401411122,UCF Knights,Georgia Tech Yellow Jackets,27,10,0,2,2116,59,,
2022-09-24,401411123,Wake Forest Demon Deacons,Clemson Tigers,45,51,0,2,154,228,,
2022-09-24,401413205,Kennesaw State Owls,Wofford Terriers,24,22,0,2,338,2747,,
2022-09-24,401413217,Nicholls Colonels,Jacksonville State Gamecocks,21,52,0,2,2447,55,,
2022-09-24,401414781,Temple Owls,Massachusetts Minutemen,28,0,0,2,218,113,,
2022-09-24,401415037,Appalachian State Mountaineers,James Madison Dukes,28,32,0,2,2026,256,,
2022-09-24,401415040,Tulane Green Wave,Southern Miss Golden Eagles,24,27,0,2,2655,2572,,
2022-09-24,401415220,Air Force Falcons,Nevada Wolf Pack,48,20,0,2,2005,2440,,
2022-09-24,401415221,Colorado State Rams,Sacramento State Hornets,10,41,0,2,36,16,,
2022-09-24,401415222,Utah State Aggies,UNLV Rebels,24,34,0,2,328,2439,,
2022-09-24,401415224,San Diego State Aztecs,Toledo Rockets,17,14,0,2,21,2649,,
2022-09-24,401415624,East Carolina Pirates,Navy Midshipmen,20,23,0,2,151,2426,,
2022-09-24,401416604,Eastern Michigan Eagles,Buffalo Bulls,31,50,0,2,2199,2084,,
2022-09-24,401416605,Georgia Southern Eagles,Ball State Cardinals,34,23,0,2,290,2050,,
2022-09-24,401416606,Ohio Bobcats,Fordham Rams,59,52,0,2,195,2230,,
2022-09-24,401418793,Texas State Bobcats,Houston Christian Huskies,34,0,0,2,326,2277,,
2022-09-24,401420808,Missouri State Bears,South Dakota State Jackrabbits,14,28,0,2,2623,2571,,
2022-09-24,401420828,South Dakota Coyotes,North Dakota State Bison,17,34,0,2,233,2449,,
2022-09-24,401424426,Delaware Blue Hens,Hampton Pirates,35,3,0,2,48,2261,,
2022-09-24,401426335,Old Dominion Monarchs,Arkansas State Red Wolves,29,26,0,2,295,2032,,
2022-09-24,401426393,Troy Trojans,Marshall Thundering Herd,16,7,0,2,2653,276,,
2022-09-24,401426564,South Carolina Gamecocks,Charlotte 49ers,56,20,0,2,2579,2429,,
2022-09-24,401426565,Western Kentucky Hilltoppers,Florida International Panthers,73,0,0,2,98,2229,,
2022-09-24,401426566,Purdue Boilermakers,Florida Atlantic Owls,28,26,0,2,2509,2226,,
2022-09-24,401426567,South Alabama Jaguars,Louisiana Tech Bulldogs,38,14,0,2,6,2348,,
2022-09-24,401426568,Miami Hurricanes,Middle Tennessee Blue Raiders,31,45,0,2,2390,2393,,
2022-09-24,401426569,Memphis Tigers,North Texas Mean Green,44,34,0,2,235,249,,
2022-09-24,401426570,Houston Cougars,Rice Owls,34,27,0,2,248,242,,
2022-09-24,401426571,UTEP Miners,Boise State Broncos,27,10,0,2,2638,68,,
2022-09-24,401426572,UTSA Roadrunners,Texas Southern Tigers,52,24,0,2,2636,2640,,
2022-09-25,401403997,Arizona State Sun Devils,Utah Utes,13,34,0,2,9,254,,
2022-09-25,401404000,Oregon State Beavers,USC Trojans,14,17,0,2,204,30,,
2022-09-25,401404001,Washington Huskies,Stanford Cardinal,40,22,0,2,264,24,,
2022-09-25,401404081,Oklahoma Sooners,Kansas State Wildcats,34,41,0,2,201,2306,,
2022-09-25,401409237,New Mexico State Aggies,Hawai'i Rainbow Warriors,45,26,0,2,166,62,,
2022-09-25,401411118,Florida State Seminoles,Boston College Eagles,44,14,0,2,52,103,,
2022-09-25,401415223,BYU Cougars,Wyoming Cowboys,38,24,0,2,252,2751,,
2022-09-25,401415225,San José State Spartans,Western Michigan Broncos,34,6,0,2,23,2711,,
2022-09-25,401426336,UL Monroe Warhawks,Louisiana Ragin' Cajuns,21,17,0,2,2433,309,,
2022-09-29,401403908,South Carolina Gamecocks,South Carolina State Bulldogs,50,10,0,2,2579,2569,,
2022-09-30,401415226,BYU Cougars,Utah State Aggies,38,26,0,2,252,328,,
2022-09-30,401415625,Houston Cougars,Tulane Green Wave,24,27,0,2,248,2655,,
2022-09-30,401426576,Middle Tennessee Blue Raiders,UTSA Roadrunners,30,45,0,2,2393,2636,,
2022-10-01,401403902,Arkansas Razorbacks,Alabama Crimson Tide,26,49,0,2,8,333,,
2022-10-01,401403903,Auburn Tigers,LSU Tigers,17,21,0,2,2,99,,
2022-10-01,401403905,Ole Miss Rebels,Kentucky Wildcats,22,19,0,2,145,96,,
2022-10-01,401403906,Mississippi State Bulldogs,Texas A&M Aggies,42,24,0,2,344,245,,
2022-10-01,401403907,Missouri Tigers,Georgia Bulldogs,22,26,0,2,142,61,,
2022-10-01,401404004,Washington State Cougars,California Golden Bears,28,9,0,2,265,25,,
2022-10-01,401404006,Utah Utes,Oregon State Beavers,42,16,0,2,254,204,,
2022-10-01,401404007,UCLA Bruins,Washington Huskies,40,32,0,2,26,264,,
2022-10-01,401404083,Baylor Bears,Oklahoma State Cowboys,25,36,0,2,239,197,,
2022-10-01,401404084,Kansas Jayhawks,Iowa State Cyclones,14,11,0,2,2305,66,,
2022-10-01,401404085,Kansas State Wildcats,Texas Tech Red Raiders,37,28,0,2,2306,2641,,
2022-10-01,401404086,TCU Horned Frogs,Oklahoma Sooners,55,24,0,2,2628,201,,
2022-10-01,401404087,Texas Longhorns,West Virginia Mountaineers,38,20,0,2,251,277,,
2022-10-01,401404137,Army Black Knights,Georgia State Panthers,14,31,0,2,349,2247,,
2022-10-01,401404151,UConn Huskies,Fresno State Bulldogs,19,14,0,2,41,278,,
2022-10-01,401404161,Old Dominion Monarchs,Liberty Flames,24,38,0,2,295,2335,,
2022-10-01,401405099,Wisconsin Badgers,Illinois Fighting Illini,10,34,0,2,275,356,,
2022-10-01,401405100,Iowa Hawkeyes,Michigan Wolverines,14,27,0,2,2294,130,,
2022-10-01,401405101,Minnesota Golden Gophers,Purdue Boilermakers,10,20,0,2,135,2509,,
2022-10-01,401405102,Nebraska Cornhuskers,Indiana Hoosiers,35,21,0,2,158,84,,
2022-10-01,401405103,Maryland Terrapins,Michigan State Spartans,27,13,0,2,120,127,,
2022-10-01,401405104,Ohio State Buckeyes,Rutgers Scarlet Knights,49,10,0,2,194,164,,
2022-10-01,401405105,Penn State Nittany Lions,Northwestern Wildcats,17,7,0,2,213,77,,
2022-10-01,401411124,Boston College Eagles,Louisville Cardinals,34,33,0,2,103,97,,
2022-10-01,401411125,Clemson Tigers,NC State Wolfpack,30,20,0,2,228,152,,
2022-10-01,401411126,Duke Blue Devils,Virginia Cavaliers,38,17,0,2,150,258,,
2022-10-01,401411127,Florida State Seminoles,Wake Forest Demon Deacons,21,31,0,2,52,154,,
2022-10-01,401411128,North Carolina Tar Heels,Virginia Tech Hokies,41,10,0,2,153,259,,
2022-10-01,401411130,Syracuse Orange,Wagner Seahawks,59,0,0,2,183,2681,,
2022-10-01,401413218,Jacksonville State Gamecocks,Kennesaw State Owls,35,28,0,2,55,338,,
2022-10-01,401414782,Eastern Michigan Eagles,Massachusetts Minutemen,20,13,0,2,2199,113,,
2022-10-01,401415227,Air Force Falcons,Navy Midshipmen,13,10,0,2,2005,2426,,
2022-10-01,401415228,Boise State Broncos,San Diego State Aztecs,35,13,0,2,68,21,,
2022-10-01,401415229,UNLV Rebels,New Mexico Lobos,31,20,0,2,2439,167,,
2022-10-01,401415230,Wyoming Cowboys,San José State Spartans,16,33,0,2,2751,23,,
2022-10-01,401415626,South Florida Bulls,East Carolina Pirates,28,48,1,2,58,151,,
2022-10-01,401415627,Tulsa Golden Hurricane,Cincinnati Bearcats,21,31,0,2,202,2132,,
2022-10-01,401415628,Memphis Tigers,Temple Owls,24,3,0,2,235,218,,
2022-10-01,401416607,Toledo Rockets,Central Michigan Chippewas,38,17,0,2,2649,2117,,
2022-10-01,401416608,Ball State Cardinals,Northern Illinois Huskies,44,38,0,2,2050,2459,,
2022-10-01,401416609,Akron Zips,Bowling Green Falcons,28,31,0,2,2006,189,,
2022-10-01,401416610,Buffalo Bulls,Miami (OH) RedHawks,24,20,0,2,2084,193,,
2022-10-01,401416611,Kent State Golden Flashes,Ohio Bobcats,31,24,0,2,2309,195,,
2022-10-01,401416612,Western Michigan Broncos,New Hampshire Wildcats,44,7,0,2,2711,160,,
2022-10-01,401420809,North Dakota Fighting Hawks,Missouri State Bears,48,31,0,2,155,2623,,
2022-10-01,401420824,North Dakota State Bison,Youngstown State Penguins,27,14,0,2,2449,2754,,
2022-10-01,401420870,Sam Houston Bearkats,Stephen F. Austin Lumberjacks,17,16,1,2,2534,2617,,
2022-10-01,401421140,Appalachian State Mountaineers,The Citadel Bulldogs,49,0,0,2,2026,2643,,
2022-10-01,401424430,Delaware Blue Hens,Towson Tigers,24,10,0,2,48,119,,
2022-10-01,401426337,Coastal Carolina Chanticleers,Georgia Southern Eagles,34,30,0,2,324,290,,
2022-10-01,401426338,James Madison Dukes,Texas State Bobcats,40,13,0,2,256,326,,
2022-10-01,401426339,Marshall Thundering Herd,Gardner-Webb Runnin' Bulldogs,28,7,0,2,276,2241,,
2022-10-01,401426340,Arkansas State Red Wolves,UL Monroe Warhawks,45,28,0,2,2032,2433,,
2022-10-01,401426341,Louisiana Ragin' Cajuns,South Alabama Jaguars,17,20,0,2,309,6,,
2022-10-01,401426573,Charlotte 49ers,UTEP Miners,35,41,0,2,2429,2638,,
2022-10-01,401426575,North Texas Mean Green,Florida Atlantic Owls,45,28,0,2,249,2226,,
2022-10-01,401426577,Rice Owls,UAB Blazers,28,24,0,2,242,5,,
2022-10-01,401426578,Western Kentucky Hilltoppers,Troy Trojans,27,34,0,2,98,2653,,
2022-10-02,401403904,Florida Gators,Eastern Washington Eagles,52,17,0,2,57,331,,
2022-10-02,401404002,Arizona Wildcats,Colorado Buffaloes,43,20,0,2,12,38,,
2022-10-02,401404003,USC Trojans,Arizona State Sun Devils,42,25,0,2,30,9,,
2022-10-02,401404005,Oregon Ducks,Stanford Cardinal,45,27,0,2,2483,24,,
2022-10-02,401411129,Pittsburgh Panthers,Georgia Tech Yellow Jackets,21,26,0,2,221,59,,
2022-10-02,401413227,Cal Poly Mustangs,Sacramento State Hornets,21,49,0,2,13,16,,
2022-10-02,401426574,New Mexico State Aggies,Florida International Panthers,7,21,0,2,166,2229,,
2022-10-05,401415629,UCF Knights,SMU Mustangs,41,19,0,2,2116,2567,,
2022-10-07,401405111,Rutgers Scarlet Knights,Nebraska Cornhuskers,13,14,0,2,164,158,,
2022-10-07,401415630,Memphis Tigers,Houston Cougars,32,33,0,2,235,248,,
2022-10-08,401403910,Florida Gators,Missouri Tigers,24,17,0,2,57,142,,
2022-10-08,401403911,Georgia Bulldogs,Auburn Tigers,42,10,0,2,61,2,,
2022-10-08,401403912,Kentucky Wildcats,South Carolina Gamecocks,14,24,0,2,96,2579,,
2022-10-08,401403913,LSU Tigers,Tennessee Volunteers,13,40,0,2,99,2633,,
2022-10-08,401403914,Mississippi State Bulldogs,Arkansas Razorbacks,40,17,0,2,344,8,,
2022-10-08,401403915,Vanderbilt Commodores,Ole Miss Rebels,28,52,0,2,238,145,,
2022-10-08,401404009,Arizona State Sun Devils,Washington Huskies,45,38,0,2,9,264,,
2022-10-08,401404011,UCLA Bruins,Utah Utes,42,32,0,2,26,254,,
2022-10-08,401404012,USC Trojans,Washington State Cougars,30,14,0,2,30,265,,
2022-10-08,401404088,Iowa State Cyclones,Kansas State Wildcats,9,10,0,2,66,2306,,
2022-10-08,401404089,Kansas Jayhawks,TCU Horned Frogs,31,38,0,2,2305,2628,,
2022-10-08,401404090,Oklahoma Sooners,Texas Longhorns,0,49,1,2,201,251,,
2022-10-08,401404091,Oklahoma State Cowboys,Texas Tech Red Raiders,41,31,0,2,197,2641,,
2022-10-08,401404127,Notre Dame Fighting Irish,BYU Cougars,28,20,1,2,87,252,,
2022-10-08,401404138,Wake Forest Demon Deacons,Army Black Knights,45,10,0,2,154,349,,
2022-10-08,401404164,Massachusetts Minutemen,Liberty Flames,24,42,0,2,113,2335,,
2022-10-08,401405106,Illinois Fighting Illini,Iowa Hawkeyes,9,6,0,2,356,2294,,
2022-10-08,401405107,Northwestern Wildcats,Wisconsin Badgers,7,42,0,2,77,275,,
2022-10-08,401405108,Indiana Hoosiers,Michigan Wolverines,10,31,0,2,84,130,,
2022-10-08,401405109,Maryland Terrapins,Purdue Boilermakers,29,31,0,2,120,2509,,
2022-10-08,401405110,Michigan State Spartans,Ohio State Buckeyes,20,49,0,2,127,194,,
2022-10-08,401411131,Boston College Eagles,Clemson Tigers,3,31,0,2,103,228,,
2022-10-08,401411132,Georgia Tech Yellow Jackets,Duke Blue Devils,23,20,0,2,59,150,,
2022-10-08,401411133,Miami Hurricanes,North Carolina Tar Heels,24,27,0,2,2390,153,,
2022-10-08,401411135,Pittsburgh Panthers,Virginia Tech Hokies,45,29,0,2,221,259,,
2022-10-08,401411136,Virginia Cavaliers,Louisville Cardinals,17,34,0,2,258,97,,
2022-10-08,401415231,Utah State Aggies,Air Force Falcons,34,27,0,2,328,2005,,
2022-10-08,401415233,Nevada Wolf Pack,Colorado State Rams,14,17,0,2,2440,36,,
2022-10-08,401415234,New Mexico Lobos,Wyoming Cowboys,14,27,0,2,167,2751,,
2022-10-08,401415236,San José State Spartans,UNLV Rebels,40,7,0,2,23,2439,,
2022-10-08,401415631,Tulane Green Wave,East Carolina Pirates,24,9,0,2,2655,151,,
2022-10-08,401415632,Navy Midshipmen,Tulsa Golden Hurricane,53,21,0,2,2426,202,,
2022-10-08,401415633,Cincinnati Bearcats,South Florida Bulls,28,24,0,2,2132,58,,
2022-10-08,401416613,Central Michigan Chippewas,Ball State Cardinals,16,17,0,2,2117,2050,,
2022-10-08,401416614,Western Michigan Broncos,Eastern Michigan Eagles,23,45,0,2,2711,2199,,
2022-10-08,401416615,Northern Illinois Huskies,Toledo Rockets,32,52,0,2,2459,2649,,
2022-10-08,401416616,Ohio Bobcats,Akron Zips,55,34,0,2,195,2006,,
2022-10-08,401416617,Bowling Green Falcons,Buffalo Bulls,7,38,0,2,189,2084,,
2022-10-08,401416618,Miami (OH) RedHawks,Kent State Golden Flashes,27,24,0,2,193,2309,,
2022-10-08,401418646,Kennesaw State Owls,North Alabama Lions,40,34,0,2,338,2453,,
2022-10-08,401418839,Indiana State Sycamores,North Dakota State Bison,26,31,0,2,282,2449,,
2022-10-08,401420810,Missouri State Bears,Southern Illinois Salukis,21,38,0,2,2623,79,,
2022-10-08,401424368,William & Mary Tribe,Delaware Blue Hens,27,21,0,2,2729,48,,
2022-10-08,401426342,Georgia State Panthers,Georgia Southern Eagles,41,33,0,2,2247,290,,
2022-10-08,401426343,Arkansas State Red Wolves,James Madison Dukes,20,42,0,2,2032,256,,
2022-10-08,401426345,Texas State Bobcats,Appalachian State Mountaineers,36,24,0,2,326,2026,,
2022-10-08,401426346,Troy Trojans,Southern Miss Golden Eagles,27,10,0,2,2653,2572,,
2022-10-08,401426579,Florida International Panthers,UConn Huskies,12,33,0,2,2229,41,,
2022-10-08,401426580,Louisiana Tech Bulldogs,UTEP Miners,41,31,0,2,2348,2638,,
2022-10-08,401426581,UAB Blazers,Middle Tennessee Blue Raiders,41,14,0,2,5,2393,,
2022-10-08,401426582,UTSA Roadrunners,Western Kentucky Hilltoppers,31,28,0,2,2636,98,,
2022-10-09,401403909,Alabama Crimson Tide,Texas A&M Aggies,24,20,0,2,333,245,,
2022-10-09,401404008,Arizona Wildcats,Oregon Ducks,22,49,0,2,12,2483,,
2022-10-09,401404010,Stanford Cardinal,Oregon State Beavers,27,28,0,2,24,204,,
2022-10-09,401411134,NC State Wolfpack,Florida State Seminoles,19,17,0,2,152,52,,
2022-10-09,401415179,Sacramento State Hornets,Northern Colorado Bears,55,7,0,2,16,2458,,
2022-10-09,401415232,Boise State Broncos,Fresno State Bulldogs,40,20,0,2,68,278,,
2022-10-09,401415235,San Diego State Aztecs,Hawai'i Rainbow Warriors,16,14,0,2,21,62,,
2022-10-09,401426344,UL Monroe Warhawks,Coastal Carolina Chanticleers,21,28,0,2,2433,324,,
2022-10-12,401426347,Marshall Thundering Herd,Louisiana Ragin' Cajuns,13,23,0,2,276,309,,
2022-10-13,401404092,West Virginia Mountaineers,Baylor Bears,43,40,0,2,277,239,,
2022-10-13,401415634,UCF Knights,Temple Owls,70,13,0,2,2116,218,,
2022-10-14,401415635,SMU Mustangs,Navy Midshipmen,40,34,0,2,2567,2426,,
2022-10-15,401403916,BYU Cougars,Arkansas Razorbacks,35,52,0,2,252,8,,
2022-10-15,401403917,Florida Gators,LSU Tigers,35,45,0,2,57,99,,
2022-10-15,401403918,Georgia Bulldogs,Vanderbilt Commodores,55,0,0,2,61,238,,
2022-10-15,401403919,Kentucky Wildcats,Mississippi State Bulldogs,27,17,0,2,96,344,,
2022-10-15,401403920,Ole Miss Rebels,Auburn Tigers,48,34,0,2,145,2,,
2022-10-15,401403921,Tennessee Volunteers,Alabama Crimson Tide,52,49,0,2,2633,333,,
2022-10-15,401404013,Washington Huskies,Arizona Wildcats,49,39,0,2,264,12,,
2022-10-15,401404014,Colorado Buffaloes,California Golden Bears,20,13,0,2,38,25,,
2022-10-15,401404016,Notre Dame Fighting Irish,Stanford Cardinal,14,16,0,2,87,24,,
2022-10-15,401404093,Texas Longhorns,Iowa State Cyclones,24,21,0,2,251,66,,
2022-10-15,401404094,Oklahoma Sooners,Kansas Jayhawks,52,42,0,2,201,2305,,
2022-10-15,401404095,TCU Horned Frogs,Oklahoma State Cowboys,43,40,0,2,2628,197,,
2022-10-15,401404139,Army Black Knights,Colgate Raiders,42,17,0,2,349,2142,,
2022-10-15,401404153,Ball State Cardinals,UConn Huskies,25,21,0,2,2050,41,,
2022-10-15,401404162,Liberty Flames,Gardner-Webb Runnin' Bulldogs,21,20,0,2,2335,2241,,
2022-10-15,401405112,Illinois Fighting Illini,Minnesota Golden Gophers,26,14,0,2,356,135,,
2022-10-15,401405113,Purdue Boilermakers,Nebraska Cornhuskers,43,37,0,2,2509,158,,
2022-10-15,401405114,Indiana Hoosiers,Maryland Terrapins,33,38,0,2,84,120,,
2022-10-15,401405115,Michigan Wolverines,Penn State Nittany Lions,41,17,0,2,130,213,,
2022-10-15,401405116,Michigan State Spartans,Wisconsin Badgers,34,28,0,2,127,275,,
2022-10-15,401411138,Florida State Seminoles,Clemson Tigers,28,34,0,2,52,228,,
2022-10-15,401411139,Syracuse Orange,NC State Wolfpack,24,9,0,2,183,152,,
2022-10-15,401411140,Virginia Tech Hokies,Miami Hurricanes,14,20,0,2,259,2390,,
2022-10-15,401413219,North Alabama Lions,Jacksonville State Gamecocks,31,47,1,2,2453,55,,
2022-10-15,401413239,Eastern Washington Eagles,Sacramento State Hornets,28,52,0,2,331,16,,
2022-10-15,401414783,Massachusetts Minutemen,Buffalo Bulls,7,34,0,2,113,2084,,
2022-10-15,401415238,Colorado State Rams,Utah State Aggies,13,17,0,2,36,328,,
2022-10-15,401415636,South Florida Bulls,Tulane Green Wave,31,45,0,2,58,2655,,
2022-10-15,401415637,East Carolina Pirates,Memphis Tigers,47,45,0,2,151,235,,
2022-10-15,401416619,Akron Zips,Central Michigan Chippewas,21,28,0,2,2006,2117,,
2022-10-15,401416620,Eastern Michigan Eagles,Northern Illinois Huskies,10,39,0,2,2199,2459,,
2022-10-15,401416621,Toledo Rockets,Kent State Golden Flashes,52,31,0,2,2649,2309,,
2022-10-15,401416622,Bowling Green Falcons,Miami (OH) RedHawks,17,13,0,2,189,193,,
2022-10-15,401416623,Western Michigan Broncos,Ohio Bobcats,14,33,0,2,2711,195,,
2022-10-15,401418639,Eastern Kentucky Colonels,Sam Houston Bearkats,17,25,0,2,2198,2534,,
2022-10-15,401418647,Kennesaw State Owls,Central Arkansas Bears,24,51,0,2,338,2110,,
2022-10-15,401420834,North Dakota State Bison,South Dakota State Jackrabbits,21,23,0,2,2449,2571,,
2022-10-15,401426348,Coastal Carolina Chanticleers,Old Dominion Monarchs,21,49,0,2,324,295,,
2022-10-15,401426349,Georgia Southern Eagles,James Madison Dukes,45,38,0,2,290,256,,
2022-10-15,401426350,South Alabama Jaguars,UL Monroe Warhawks,41,34,0,2,6,2433,,
2022-10-15,401426351,Southern Miss Golden Eagles,Arkansas State Red Wolves,20,19,0,2,2572,2032,,
2022-10-15,401426352,Troy Trojans,Texas State Bobcats,17,14,0,2,2653,326,,
2022-10-15,401426583,UAB Blazers,Charlotte 49ers,34,20,0,2,5,2429,,
2022-10-15,401426584,Florida International Panthers,UTSA Roadrunners,10,30,0,2,2229,2636,,
2022-10-15,401426585,Florida Atlantic Owls,Rice Owls,17,14,0,2,2226,242,,
2022-10-15,401426586,North Texas Mean Green,Louisiana Tech Bulldogs,47,27,0,2,249,2348,,
2022-10-15,401426587,Middle Tennessee Blue Raiders,Western Kentucky Hilltoppers,17,35,0,2,2393,98,,
2022-10-16,401404015,Oregon State Beavers,Washington State Cougars,24,10,0,2,204,265,,
2022-10-16,401404017,Utah Utes,USC Trojans,43,42,0,2,254,30,,
2022-10-16,401409239,New Mexico State Aggies,New Mexico Lobos,21,9,0,2,166,167,,
2022-10-16,401411137,Duke Blue Devils,North Carolina Tar Heels,35,38,0,2,150,153,,
2022-10-16,401415237,UNLV Rebels,Air Force Falcons,7,42,0,2,2439,2005,,
2022-10-16,401415239,Fresno State Bulldogs,San José State Spartans,17,10,0,2,278,23,,
2022-10-16,401415240,Hawai'i Rainbow Warriors,Nevada Wolf Pack,31,16,0,2,62,2440,,
2022-10-19,401426353,Appalachian State Mountaineers,Georgia State Panthers,42,17,0,2,2026,2247,,
2022-10-20,401411141,Georgia Tech Yellow Jackets,Virginia Cavaliers,9,16,0,2,59,258,,
2022-10-20,401426354,South Alabama Jaguars,Troy Trojans,6,10,0,2,6,2653,,
2022-10-21,401415638,Temple Owls,Tulsa Golden Hurricane,16,27,0,2,218,202,,
2022-10-22,401403922,Alabama Crimson Tide,Mississippi State Bulldogs,30,6,0,2,333,344,,
2022-10-22,401403923,LSU Tigers,Ole Miss Rebels,45,20,0,2,99,145,,
2022-10-22,401403924,Missouri Tigers,Vanderbilt Commodores,17,14,0,2,142,238,,
2022-10-22,401403925,South Carolina Gamecocks,Texas A&M Aggies,30,24,0,2,2579,245,,
2022-10-22,401403926,Tennessee Volunteers,UT Martin Skyhawks,65,24,0,2,2633,2630,,
2022-10-22,401404018,Stanford Cardinal,Arizona State Sun Devils,15,14,0,2,24,9,,
2022-10-22,401404021,Oregon Ducks,UCLA Bruins,45,30,0,2,2483,26,,
2022-10-22,401404096,Baylor Bears,Kansas Jayhawks,35,23,0,2,239,2305,,
2022-10-22,401404098,Oklahoma State Cowboys,Texas Longhorns,41,34,0,2,197,251,,
2022-10-22,401404099,Texas Tech Red Raiders,West Virginia Mountaineers,48,10,0,2,2641,277,,
2022-10-22,401404128,Notre Dame Fighting Irish,UNLV Rebels,44,21,0,2,87,2439,,
2022-10-22,401404140,Army Black Knights,UL Monroe Warhawks,48,24,0,2,349,2433,,
2022-10-22,401404163,Liberty Flames,BYU Cougars,41,14,0,2,2335,252,,
2022-10-22,401405117,Wisconsin Badgers,Purdue Boilermakers,35,24,0,2,275,2509,,
2022-10-22,401405118,Maryland Terrapins,Northwestern Wildcats,31,24,0,2,120,77,,
2022-10-22,401405119,Ohio State Buckeyes,Iowa Hawkeyes,54,10,0,2,194,2294,,
2022-10-22,401405120,Penn State Nittany Lions,Minnesota Golden Gophers,45,17,0,2,213,135,,
2022-10-22,401405121,Rutgers Scarlet Knights,Indiana Hoosiers,24,17,0,2,164,84,,
2022-10-22,401411142,Clemson Tigers,Syracuse Orange,27,21,0,2,228,183,,
2022-10-22,401411144,Miami Hurricanes,Duke Blue Devils,21,45,0,2,2390,150,,
2022-10-22,401411145,Wake Forest Demon Deacons,Boston College Eagles,43,15,0,2,154,103,,
2022-10-22,401413220,Jacksonville State Gamecocks,SE Louisiana Lions,14,31,0,2,55,2545,,
2022-10-22,401415241,Air Force Falcons,Boise State Broncos,14,19,0,2,2005,68,,
2022-10-22,401415242,Colorado State Rams,Hawai'i Rainbow Warriors,17,13,0,2,36,62,,
2022-10-22,401415243,New Mexico Lobos,Fresno State Bulldogs,9,41,0,2,167,278,,
2022-10-22,401415639,Tulane Green Wave,Memphis Tigers,38,28,0,2,2655,235,,
2022-10-22,401415640,Navy Midshipmen,Houston Cougars,20,38,0,2,2426,248,,
2022-10-22,401415641,SMU Mustangs,Cincinnati Bearcats,27,29,0,2,2567,2132,,
2022-10-22,401415642,East Carolina Pirates,UCF Knights,34,13,0,2,151,2116,,
2022-10-22,401416624,Ball State Cardinals,Eastern Michigan Eagles,16,20,0,2,2050,2199,,
2022-10-22,401416625,Ohio Bobcats,Northern Illinois Huskies,24,17,0,2,195,2459,,
2022-10-22,401416626,Buffalo Bulls,Toledo Rockets,34,27,0,2,2084,2649,,
2022-10-22,401416627,Miami (OH) RedHawks,Western Michigan Broncos,10,16,0,2,193,2711,,
2022-10-22,401416628,Kent State Golden Flashes,Akron Zips,33,27,0,2,2309,2006,,
2022-10-22,401416629,Central Michigan Chippewas,Bowling Green Falcons,18,34,0,2,2117,189,,
2022-10-22,401418648,Kennesaw State Owls,Tennessee Tech Golden Eagles,33,30,0,2,338,2635,,
2022-10-22,401420783,Delaware Blue Hens,Morgan State Bears,38,7,0,2,48,2415,,
2022-10-22,401420811,Northern Iowa Panthers,Missouri State Bears,41,20,0,2,2460,2623,,
2022-10-22,401426355,James Madison Dukes,Marshall Thundering Herd,12,26,0,2,256,276,,
2022-10-22,401426356,Old Dominion Monarchs,Georgia Southern Eagles,23,28,0,2,295,290,,
2022-10-22,401426357,Louisiana Ragin' Cajuns,Arkansas State Red Wolves,38,18,0,2,309,2032,,
2022-10-22,401426358,Texas State Bobcats,Southern Miss Golden Eagles,14,20,0,2,326,2572,,
2022-10-22,401426588,Charlotte 49ers,Florida International Panthers,15,34,0,2,2429,2229,,
2022-10-22,401426589,UTEP Miners,Florida Atlantic Owls,24,21,0,2,2638,2226,,
2022-10-22,401426590,Louisiana Tech Bulldogs,Rice Owls,41,42,0,2,2348,242,,
2022-10-22,401426591,UTSA Roadrunners,North Texas Mean Green,31,27,0,2,2636,249,,
2022-10-22,401426592,Western Kentucky Hilltoppers,UAB Blazers,20,17,0,2,98,5,,
2022-10-23,401404019,California Golden Bears,Washington Huskies,21,28,0,2,25,264,,
2022-10-23,401404020,Oregon State Beavers,Colorado Buffaloes,42,9,0,2,204,38,,
2022-10-23,401404097,TCU Horned Frogs,Kansas State Wildcats,38,28,0,2,2628,2306,,
2022-10-23,401411143,Louisville Cardinals,Pittsburgh Panthers,24,10,0,2,97,221,,
2022-10-23,401413337,Sacramento State Hornets,Montana Grizzlies,31,24,0,2,16,149,,
2022-10-23,401415244,Wyoming Cowboys,Utah State Aggies,28,14,0,2,2751,328,,
2022-10-23,401415245,Nevada Wolf Pack,San Diego State Aztecs,7,23,0,2,2440,21,,
2022-10-23,401420871,Utah Tech Trailblazers,Sam Houston Bearkats,13,18,0,2,3101,2534,,
2022-10-27,401411146,NC State Wolfpack,Virginia Tech Hokies,22,21,0,2,152,259,,
2022-10-27,401426359,Southern Miss Golden Eagles,Louisiana Ragin' Cajuns,39,24,0,2,2572,309,,
2022-10-28,401404026,Washington State Cougars,Utah Utes,17,21,0,2,265,254,,
2022-10-29,401403927,Auburn Tigers,Arkansas Razorbacks,27,41,0,2,2,8,,
2022-10-29,401403928,Georgia Bulldogs,Florida Gators,42,20,1,2,61,57,,
2022-10-29,401403929,South Carolina Gamecocks,Missouri Tigers,10,23,0,2,2579,142,,
2022-10-29,401403930,Tennessee Volunteers,Kentucky Wildcats,44,6,0,2,2633,96,,
2022-10-29,401403931,Texas A&M Aggies,Ole Miss Rebels,28,31,0,2,245,145,,
2022-10-29,401404022,Arizona Wildcats,USC Trojans,37,45,0,2,12,30,,
2022-10-29,401404023,Colorado Buffaloes,Arizona State Sun Devils,34,42,0,2,38,9,,
2022-10-29,401404024,California Golden Bears,Oregon Ducks,24,42,0,2,25,2483,,
2022-10-29,401404100,Iowa State Cyclones,Oklahoma Sooners,13,27,0,2,66,201,,
2022-10-29,401404101,Texas Tech Red Raiders,Baylor Bears,17,45,0,2,2641,239,,
2022-10-29,401404102,Kansas State Wildcats,Oklahoma State Cowboys,48,0,0,2,2306,197,,
2022-10-29,401404103,West Virginia Mountaineers,TCU Horned Frogs,31,41,0,2,277,2628,,
2022-10-29,401404129,Syracuse Orange,Notre Dame Fighting Irish,24,41,0,2,183,87,,
2022-10-29,401404154,UConn Huskies,Boston College Eagles,13,3,0,2,41,103,,
2022-10-29,401405122,Iowa Hawkeyes,Northwestern Wildcats,33,13,0,2,2294,77,,
2022-10-29,401405123,Minnesota Golden Gophers,Rutgers Scarlet Knights,31,0,0,2,135,164,,
2022-10-29,401405124,Nebraska Cornhuskers,Illinois Fighting Illini,9,26,0,2,158,356,,
2022-10-29,401405125,Michigan Wolverines,Michigan State Spartans,29,7,0,2,130,127,,
2022-10-29,401405126,Penn State Nittany Lions,Ohio State Buckeyes,31,44,0,2,213,194,,
2022-10-29,401409242,Massachusetts Minutemen,New Mexico State Aggies,13,23,0,2,113,166,,
2022-10-29,401411147,Florida State Seminoles,Georgia Tech Yellow Jackets,41,16,0,2,52,59,,
2022-10-29,401411148,Louisville Cardinals,Wake Forest Demon Deacons,48,21,0,2,97,154,,
2022-10-29,401411150,Virginia Cavaliers,Miami Hurricanes,12,14,0,2,258,2390,,
2022-10-29,401413221,Austin Peay Governors,Jacksonville State Gamecocks,16,40,0,2,2046,55,,
2022-10-29,401415246,Boise State Broncos,Colorado State Rams,49,10,0,2,68,36,,
2022-10-29,401415643,Houston Cougars,South Florida Bulls,42,27,0,2,248,58,,
2022-10-29,401415644,UCF Knights,Cincinnati Bearcats,25,21,0,2,2116,2132,,
2022-10-29,401415645,BYU Cougars,East Carolina Pirates,24,27,0,2,252,151,,
2022-10-29,401415646,Navy Midshipmen,Temple Owls,27,20,0,2,2426,218,,
2022-10-29,401415647,Tulsa Golden Hurricane,SMU Mustangs,34,45,0,2,202,2567,,
2022-10-29,401416630,Eastern Michigan Eagles,Toledo Rockets,24,27,0,2,2199,2649,,
2022-10-29,401416631,Akron Zips,Miami (OH) RedHawks,9,27,0,2,2006,193,,
2022-10-29,401418649,Kennesaw State Owls,Charleston Southern Buccaneers,30,20,0,2,338,2127,,
2022-10-29,401418834,North Dakota State Bison,Illinois State Redbirds,24,7,0,2,2449,2287,,
2022-10-29,401420812,Missouri State Bears,Western Illinois Leathernecks,64,14,0,2,2623,2710,,
2022-10-29,401424399,Elon Phoenix,Delaware Blue Hens,27,7,0,2,2210,48,,
2022-10-29,401426360,Appalachian State Mountaineers,Robert Morris Colonials,42,3,0,2,2026,2523,,
2022-10-29,401426361,Georgia State Panthers,Old Dominion Monarchs,31,17,0,2,2247,295,,
2022-10-29,401426362,Marshall Thundering Herd,Coastal Carolina Chanticleers,13,24,0,2,276,324,,
2022-10-29,401426363,Arkansas State Red Wolves,South Alabama Jaguars,3,31,0,2,2032,6,,
2022-10-29,401426593,Rice Owls,Charlotte 49ers,23,56,0,2,242,2429,,
2022-10-29,401426594,Florida International Panthers,Louisiana Tech Bulldogs,42,34,0,2,2229,2348,,
2022-10-29,401426595,Florida Atlantic Owls,UAB Blazers,24,17,0,2,2226,5,,
2022-10-29,401426597,Western Kentucky Hilltoppers,North Texas Mean Green,13,40,0,2,98,249,,
2022-10-30,401404025,UCLA Bruins,Stanford Cardinal,38,13,0,2,26,24,,
2022-10-30,401411149,North Carolina Tar Heels,Pittsburgh Panthers,42,24,0,2,153,221,,
2022-10-30,401413251,Sacramento State Hornets,Idaho Vandals,31,28,0,2,16,70,,
2022-10-30,401415247,Hawai'i Rainbow Warriors,Wyoming Cowboys,20,27,0,2,62,2751,,
2022-10-30,401415248,Fresno State Bulldogs,San Diego State Aztecs,32,28,0,2,278,21,,
2022-10-30,401415249,San José State Spartans,Nevada Wolf Pack,35,28,0,2,23,2440,,
2022-10-30,401426596,UTEP Miners,Middle Tennessee Blue Raiders,13,24,0,2,2638,2393,,
2022-10-30,401462518,Tarleton Texans,Sam Houston Bearkats,21,40,0,2,2627,2534,,
2022-11-01,401416632,Kent State Golden Flashes,Ball State Cardinals,20,27,0,2,2309,2050,,
2022-11-01,401416633,Ohio Bobcats,Buffalo Bulls,45,24,0,2,195,2084,,
2022-11-02,401416634,Northern Illinois Huskies,Central Michigan Chippewas,22,35,0,2,2459,2117,,
2022-11-02,401416635,Bowling Green Falcons,Western Michigan Broncos,13,9,0,2,189,2711,,
2022-11-03,401426364,Coastal Carolina Chanticleers,Appalachian State Mountaineers,35,28,0,2,324,2026,,
2022-11-03,401426601,Rice Owls,UTEP Miners,37,30,0,2,242,2638,,
2022-11-04,401404155,UConn Huskies,Massachusetts Minutemen,27,10,0,2,41,113,,
2022-11-04,401411151,Boston College Eagles,Duke Blue Devils,31,38,0,2,103,150,,
2022-11-05,401403932,Arkansas Razorbacks,Liberty Flames,19,21,0,2,8,2335,,
2022-11-05,401403933,Georgia Bulldogs,Tennessee Volunteers,27,13,0,2,61,2633,,
2022-11-05,401403934,LSU Tigers,Alabama Crimson Tide,32,31,0,2,99,333,,
2022-11-05,401403935,Mississippi State Bulldogs,Auburn Tigers,39,33,0,2,344,2,,
2022-11-05,401403936,Missouri Tigers,Kentucky Wildcats,17,21,0,2,142,96,,
2022-11-05,401403937,Texas A&M Aggies,Florida Gators,24,41,0,2,245,57,,
2022-11-05,401403938,Vanderbilt Commodores,South Carolina Gamecocks,27,38,0,2,238,2579,,
2022-11-05,401404027,Utah Utes,Arizona Wildcats,45,20,0,2,254,12,,
2022-11-05,401404030,Colorado Buffaloes,Oregon Ducks,10,49,0,2,38,2483,,
2022-11-05,401404031,Washington Huskies,Oregon State Beavers,24,21,0,2,264,204,,
2022-11-05,401404032,Stanford Cardinal,Washington State Cougars,14,52,0,2,24,265,,
2022-11-05,401404104,Oklahoma Sooners,Baylor Bears,35,38,0,2,201,239,,
2022-11-05,401404105,Iowa State Cyclones,West Virginia Mountaineers,31,14,0,2,66,277,,
2022-11-05,401404106,Kansas Jayhawks,Oklahoma State Cowboys,37,16,0,2,2305,197,,
2022-11-05,401404107,Kansas State Wildcats,Texas Longhorns,27,34,0,2,2306,251,,
2022-11-05,401404108,TCU Horned Frogs,Texas Tech Red Raiders,34,24,0,2,2628,2641,,
2022-11-05,401404130,Notre Dame Fighting Irish,Clemson Tigers,35,14,0,2,87,228,,
2022-11-05,401404141,Army Black Knights,Air Force Falcons,7,13,1,2,349,2005,,
2022-11-05,401405127,Illinois Fighting Illini,Michigan State Spartans,15,23,0,2,356,127,,
2022-11-05,401405128,Nebraska Cornhuskers,Minnesota Golden Gophers,13,20,0,2,158,135,,
2022-11-05,401405129,Northwestern Wildcats,Ohio State Buckeyes,7,21,0,2,77,194,,
2022-11-05,401405130,Purdue Boilermakers,Iowa Hawkeyes,3,24,0,2,2509,2294,,
2022-11-05,401405131,Wisconsin Badgers,Maryland Terrapins,23,10,0,2,275,120,,
2022-11-05,401405132,Indiana Hoosiers,Penn State Nittany Lions,14,45,0,2,84,213,,
2022-11-05,401405133,Rutgers Scarlet Knights,Michigan Wolverines,17,52,0,2,164,130,,
2022-11-05,401411152,Louisville Cardinals,James Madison Dukes,34,10,0,2,97,256,,
2022-11-05,401411153,Miami Hurricanes,Florida State Seminoles,3,45,0,2,2390,52,,
2022-11-05,401411155,Pittsburgh Panthers,Syracuse Orange,19,9,0,2,221,183,,
2022-11-05,401411156,Virginia Cavaliers,North Carolina Tar Heels,28,31,0,2,258,153,,
2022-11-05,401411157,Virginia Tech Hokies,Georgia Tech Yellow Jackets,27,28,0,2,259,59,,
2022-11-05,401415250,Boise State Broncos,BYU Cougars,28,31,0,2,68,252,,
2022-11-05,401415252,Utah State Aggies,New Mexico Lobos,27,10,0,2,328,167,,
2022-11-05,401415254,San Diego State Aztecs,UNLV Rebels,14,10,0,2,21,2439,,
2022-11-05,401415648,Temple Owls,South Florida Bulls,54,28,0,2,218,58,,
2022-11-05,401415649,Tulsa Golden Hurricane,Tulane Green Wave,13,27,0,2,202,2655,,
2022-11-05,401415650,Cincinnati Bearcats,Navy Midshipmen,20,10,0,2,2132,2426,,
2022-11-05,401415651,Memphis Tigers,UCF Knights,28,35,0,2,235,2116,,
2022-11-05,401415652,SMU Mustangs,Houston Cougars,77,63,0,2,2567,248,,
2022-11-05,401418650,UT Martin Skyhawks,Kennesaw State Owls,27,44,0,2,2630,338,,
2022-11-05,401420813,South Dakota Coyotes,Missouri State Bears,20,13,0,2,233,2623,,
2022-11-05,401420838,Western Illinois Leathernecks,North Dakota State Bison,17,56,0,2,2710,2449,,
2022-11-05,401424410,Delaware Blue Hens,Monmouth Hawks,49,17,0,2,48,2405,,
2022-11-05,401425457,Weber State Wildcats,Sacramento State Hornets,30,33,0,2,2692,16,,
2022-11-05,401426365,Georgia Southern Eagles,South Alabama Jaguars,31,38,0,2,290,6,,
2022-11-05,401426366,Old Dominion Monarchs,Marshall Thundering Herd,0,12,0,2,295,276,,
2022-11-05,401426367,Louisiana Ragin' Cajuns,Troy Trojans,17,23,0,2,309,2653,,
2022-11-05,401426368,UL Monroe Warhawks,Texas State Bobcats,31,30,0,2,2433,326,,
2022-11-05,401426369,Southern Miss Golden Eagles,Georgia State Panthers,14,42,0,2,2572,2247,,
2022-11-05,401426598,Charlotte 49ers,Western Kentucky Hilltoppers,7,59,0,2,2429,98,,
2022-11-05,401426599,North Texas Mean Green,Florida International Panthers,52,14,0,2,249,2229,,
2022-11-05,401426600,Louisiana Tech Bulldogs,Middle Tennessee Blue Raiders,40,24,0,2,2348,2393,,
2022-11-05,401426602,UAB Blazers,UTSA Roadrunners,38,44,0,2,5,2636,,
2022-11-06,401404028,Arizona State Sun Devils,UCLA Bruins,36,50,0,2,9,26,,
2022-11-06,401404029,USC Trojans,California Golden Bears,41,35,0,2,30,25,,
2022-11-06,401411154,NC State Wolfpack,Wake Forest Demon Deacons,30,21,0,2,152,154,,
2022-11-06,401415251,San José State Spartans,Colorado State Rams,28,16,0,2,23,36,,
2022-11-06,401415253,Fresno State Bulldogs,Hawai'i Rainbow Warriors,55,13,0,2,278,62,,
2022-11-09,401416636,Toledo Rockets,Ball State Cardinals,28,21,0,2,2649,2050,,
2022-11-09,401416637,Akron Zips,Eastern Michigan Eagles,28,34,0,2,2006,2199,,
2022-11-09,401416638,Miami (OH) RedHawks,Ohio Bobcats,21,37,0,2,193,195,,
2022-11-10,401416639,Western Michigan Broncos,Northern Illinois Huskies,21,24,0,2,2711,2459,,
2022-11-10,401416640,Central Michigan Chippewas,Buffalo Bulls,31,27,0,2,2117,2084,,
2022-11-10,401416641,Bowling Green Falcons,Kent State Golden Flashes,6,40,0,2,189,2309,,
2022-11-11,401415653,Memphis Tigers,Tulsa Golden Hurricane,26,10,0,2,235,202,,
2022-11-11,401426370,Louisiana Ragin' Cajuns,Georgia Southern Eagles,36,17,0,2,309,290,,
2022-11-12,401403939,Arkansas Razorbacks,LSU Tigers,10,13,0,2,8,99,,
2022-11-12,401403941,Florida Gators,South Carolina Gamecocks,38,6,0,2,57,2579,,
2022-11-12,401403942,Kentucky Wildcats,Vanderbilt Commodores,21,24,0,2,96,238,,
2022-11-12,401403943,Ole Miss Rebels,Alabama Crimson Tide,24,30,0,2,145,333,,
2022-11-12,401403945,Tennessee Volunteers,Missouri Tigers,66,24,0,2,2633,142,,
2022-11-12,401404033,USC Trojans,Colorado Buffaloes,55,17,0,2,30,38,,
2022-11-12,401404035,Washington State Cougars,Arizona State Sun Devils,28,18,0,2,265,9,,
2022-11-12,401404110,Oklahoma State Cowboys,Iowa State Cyclones,20,14,0,2,197,66,,
2022-11-12,401404112,West Virginia Mountaineers,Oklahoma Sooners,23,20,0,2,277,201,,
2022-11-12,401404131,Navy Midshipmen,Notre Dame Fighting Irish,32,35,1,2,2426,87,,
2022-11-12,401404142,Troy Trojans,Army Black Knights,10,9,0,2,2653,349,,
2022-11-12,401404156,UConn Huskies,Liberty Flames,36,33,0,2,41,2335,,
2022-11-12,401405134,Illinois Fighting Illini,Purdue Boilermakers,24,31,0,2,356,2509,,
2022-11-12,401405135,Iowa Hawkeyes,Wisconsin Badgers,24,10,0,2,2294,275,,
2022-11-12,401405136,Minnesota Golden Gophers,Northwestern Wildcats,31,3,0,2,135,77,,
2022-11-12,401405137,Michigan Wolverines,Nebraska Cornhuskers,34,3,0,2,130,158,,
2022-11-12,401405138,Michigan State Spartans,Rutgers Scarlet Knights,27,21,0,2,127,164,,
2022-11-12,401405139,Ohio State Buckeyes,Indiana Hoosiers,56,14,0,2,194,84,,
2022-11-12,401405140,Penn State Nittany Lions,Maryland Terrapins,30,0,0,2,213,120,,
2022-11-12,401409241,New Mexico State Aggies,Lamar Cardinals,51,14,0,2,166,2320,,
2022-11-12,401411158,Clemson Tigers,Louisville Cardinals,31,16,0,2,228,97,,
2022-11-12,401411159,Duke Blue Devils,Virginia Tech Hokies,24,7,0,2,150,259,,
2022-11-12,401411160,Georgia Tech Yellow Jackets,Miami Hurricanes,14,35,0,2,59,2390,,
2022-11-12,401411161,NC State Wolfpack,Boston College Eagles,20,21,0,2,152,103,,
2022-11-12,401411163,Virginia Cavaliers,Pittsburgh Panthers,7,37,0,2,258,221,,
2022-11-12,401413222,Jacksonville State Gamecocks,Eastern Kentucky Colonels,42,17,0,2,55,2198,,
2022-11-12,401414784,Arkansas State Red Wolves,Massachusetts Minutemen,35,33,0,2,2032,113,,
2022-11-12,401415256,Air Force Falcons,New Mexico Lobos,35,3,0,2,2005,167,,
2022-11-12,401415259,UNLV Rebels,Fresno State Bulldogs,30,37,0,2,2439,278,,
2022-11-12,401415654,Cincinnati Bearcats,East Carolina Pirates,27,25,0,2,2132,151,,
2022-11-12,401415655,Houston Cougars,Temple Owls,43,36,0,2,248,218,,
2022-11-12,401415656,South Florida Bulls,SMU Mustangs,23,41,0,2,58,2567,,
2022-11-12,401415657,Tulane Green Wave,UCF Knights,31,38,0,2,2655,2116,,
2022-11-12,401418636,Kennesaw State Owls,Austin Peay Governors,14,31,0,2,338,2046,,
2022-11-12,401418790,Sam Houston Bearkats,Abilene Christian Wildcats,28,45,0,2,2534,2000,,
2022-11-12,401420814,Missouri State Bears,Youngstown State Penguins,25,22,0,2,2623,2754,,
2022-11-12,401420839,Southern Illinois Salukis,North Dakota State Bison,18,21,0,2,79,2449,,
2022-11-12,401424447,Delaware Blue Hens,Richmond Spiders,13,21,0,2,48,257,,
2022-11-12,401425458,Portland State Vikings,Sacramento State Hornets,17,45,0,2,2502,16,,
2022-11-12,401426372,Georgia State Panthers,UL Monroe Warhawks,28,31,0,2,2247,2433,,
2022-11-12,401426373,Marshall Thundering Herd,Appalachian State Mountaineers,28,21,0,2,276,2026,,
2022-11-12,401426374,Old Dominion Monarchs,James Madison Dukes,3,37,0,2,295,256,,
2022-11-12,401426375,South Alabama Jaguars,Texas State Bobcats,38,21,0,2,6,326,,
2022-11-12,401426603,Middle Tennessee Blue Raiders,Charlotte 49ers,24,14,0,2,2393,2429,,
2022-11-12,401426605,UTSA Roadrunners,Louisiana Tech Bulldogs,51,7,0,2,2636,2348,,
2022-11-12,401426606,UAB Blazers,North Texas Mean Green,41,21,0,2,5,249,,
2022-11-12,401426607,Western Kentucky Hilltoppers,Rice Owls,45,10,0,2,98,242,,
2022-11-13,401403940,Auburn Tigers,Texas A&M Aggies,13,10,0,2,2,245,,
2022-11-13,401403944,Mississippi State Bulldogs,Georgia Bulldogs,19,45,0,2,344,61,,
2022-11-13,401404034,UCLA Bruins,Arizona Wildcats,28,34,0,2,26,12,,
2022-11-13,401404036,Oregon State Beavers,California Golden Bears,38,10,0,2,204,25,,
2022-11-13,401404037,Oregon Ducks,Washington Huskies,34,37,0,2,2483,264,,
2022-11-13,401404038,Utah Utes,Stanford Cardinal,42,7,0,2,254,24,,
2022-11-13,401404109,Baylor Bears,Kansas State Wildcats,3,31,0,2,239,2306,,
2022-11-13,401404111,Texas Tech Red Raiders,Kansas Jayhawks,43,28,0,2,2641,2305,,
2022-11-13,401404113,Texas Longhorns,TCU Horned Frogs,10,17,0,2,251,2628,,
2022-11-13,401411162,Syracuse Orange,Florida State Seminoles,3,38,0,2,183,52,,
2022-11-13,401411164,Wake Forest Demon Deacons,North Carolina Tar Heels,34,36,0,2,154,153,,
2022-11-13,401415255,Nevada Wolf Pack,Boise State Broncos,3,41,0,2,2440,68,,
2022-11-13,401415257,Hawai'i Rainbow Warriors,Utah State Aggies,34,41,0,2,62,328,,
2022-11-13,401415258,Colorado State Rams,Wyoming Cowboys,13,14,0,2,36,2751,,
2022-11-13,401415260,San Diego State Aztecs,San José State Spartans,43,27,0,2,21,23,,
2022-11-13,401426371,Coastal Carolina Chanticleers,Southern Miss Golden Eagles,26,23,0,2,324,2572,,
2022-11-13,401426604,Florida International Panthers,Florida Atlantic Owls,7,52,0,2,2229,2226,,
2022-11-16,401416642,Toledo Rockets,Bowling Green Falcons,35,42,0,2,2649,189,,
2022-11-16,401416643,Ball State Cardinals,Ohio Bobcats,18,32,0,2,2050,195,,
2022-11-16,401416644,Kent State Golden Flashes,Eastern Michigan Eagles,24,31,0,2,2309,2199,,
2022-11-17,401416645,Central Michigan Chippewas,Western Michigan Broncos,10,12,0,2,2117,2711,,
2022-11-17,401416646,Northern Illinois Huskies,Miami (OH) RedHawks,23,29,0,2,2459,193,,
2022-11-18,401415658,Tulane Green Wave,SMU Mustangs,59,24,0,2,2655,2567,,
2022-11-19,401403946,Alabama Crimson Tide,Austin Peay Governors,34,0,0,2,333,2046,,
2022-11-19,401403949,Kentucky Wildcats,Georgia Bulldogs,6,16,0,2,96,61,,
2022-11-19,401403951,Mississippi State Bulldogs,East Tennessee State Buccaneers,56,7,0,2,344,2193,,
2022-11-19,401403954,Texas A&M Aggies,Massachusetts Minutemen,20,3,0,2,245,113,,
2022-11-19,401403955,Vanderbilt Commodores,Florida Gators,31,24,0,2,238,57,,
2022-11-19,401404039,Arizona Wildcats,Washington State Cougars,20,31,0,2,12,265,,
2022-11-19,401404040,Arizona State Sun Devils,Oregon State Beavers,7,31,0,2,9,204,,
2022-11-19,401404041,California Golden Bears,Stanford Cardinal,27,20,0,2,25,24,,
2022-11-19,401404114,Baylor Bears,TCU Horned Frogs,28,29,0,2,239,2628,,
2022-11-19,401404116,Kansas Jayhawks,Texas Longhorns,14,55,0,2,2305,251,,
2022-11-19,401404117,West Virginia Mountaineers,Kansas State Wildcats,31,48,0,2,277,2306,,
2022-11-19,401404132,Notre Dame Fighting Irish,Boston College Eagles,44,0,0,2,87,103,,
2022-11-19,401404143,Army Black Knights,UConn Huskies,34,17,0,2,349,41,,
2022-11-19,401404165,Liberty Flames,Virginia Tech Hokies,22,23,0,2,2335,259,,
2022-11-19,401405141,Minnesota Golden Gophers,Iowa Hawkeyes,10,13,0,2,135,2294,,
2022-11-19,401405142,Nebraska Cornhuskers,Wisconsin Badgers,14,15,0,2,158,275,,
2022-11-19,401405143,Purdue Boilermakers,Northwestern Wildcats,17,9,0,2,2509,77,,
2022-11-19,401405144,Maryland Terrapins,Ohio State Buckeyes,30,43,0,2,120,194,,
2022-11-19,401405145,Michigan Wolverines,Illinois Fighting Illini,19,17,0,2,130,356,,
2022-11-19,401405146,Michigan State Spartans,Indiana Hoosiers,31,39,0,2,127,84,,
2022-11-19,401405147,Rutgers Scarlet Knights,Penn State Nittany Lions,10,55,0,2,164,213,,
2022-11-19,401411165,Clemson Tigers,Miami Hurricanes,40,10,0,2,228,2390,,
2022-11-19,401411166,Florida State Seminoles,Louisiana Ragin' Cajuns,49,17,0,2,52,309,,
2022-11-19,401411167,Louisville Cardinals,NC State Wolfpack,25,10,0,2,97,152,,
2022-11-19,401411168,North Carolina Tar Heels,Georgia Tech Yellow Jackets,17,21,0,2,153,59,,
2022-11-19,401411169,Pittsburgh Panthers,Duke Blue Devils,28,26,0,2,221,150,,
2022-11-19,401413223,Central Arkansas Bears,Jacksonville State Gamecocks,17,40,0,2,2110,55,,
2022-11-19,401415185,Sacramento State Hornets,UC Davis Aggies,27,21,0,2,16,302,,
2022-11-19,401415264,New Mexico Lobos,San Diego State Aztecs,10,34,0,2,167,21,,
2022-11-19,401415659,Tulsa Golden Hurricane,South Florida Bulls,48,42,0,2,202,58,,
2022-11-19,401415660,East Carolina Pirates,Houston Cougars,3,42,0,2,151,248,,
2022-11-19,401415661,UCF Knights,Navy Midshipmen,14,17,0,2,2116,2426,,
2022-11-19,401415662,Memphis Tigers,North Alabama Lions,59,0,0,2,235,2453,,
2022-11-19,401415663,Temple Owls,Cincinnati Bearcats,3,23,0,2,218,2132,,
2022-11-19,401418643,Eastern Kentucky Colonels,Kennesaw State Owls,45,38,0,2,2198,338,,
2022-11-19,401418844,Indiana State Sycamores,Missouri State Bears,7,24,0,2,282,2623,,
2022-11-19,401420820,North Dakota State Bison,North Dakota Fighting Hawks,42,21,0,2,2449,155,,
2022-11-19,401420863,BYU Cougars,Utah Tech Trailblazers,52,26,0,2,252,3101,,
2022-11-19,401420872,Sam Houston Bearkats,Southern Utah Thunderbirds,7,17,0,2,2534,253,,
2022-11-19,401424451,Villanova Wildcats,Delaware Blue Hens,29,26,0,2,222,48,,
2022-11-19,401426376,Appalachian State Mountaineers,Old Dominion Monarchs,27,14,0,2,2026,295,,
2022-11-19,401426377,Georgia Southern Eagles,Marshall Thundering Herd,10,23,0,2,290,276,,
2022-11-19,401426378,James Madison Dukes,Georgia State Panthers,42,40,0,2,256,2247,,
2022-11-19,401426379,Southern Miss Golden Eagles,South Alabama Jaguars,20,27,0,2,2572,6,,
2022-11-19,401426380,Texas State Bobcats,Arkansas State Red Wolves,16,13,0,2,326,2032,,
2022-11-19,401426381,Troy Trojans,UL Monroe Warhawks,34,16,0,2,2653,2433,,
2022-11-19,401426608,Charlotte 49ers,Louisiana Tech Bulldogs,26,21,0,2,2429,2348,,
2022-11-19,401426609,UTEP Miners,Florida International Panthers,40,6,0,2,2638,2229,,
2022-11-19,401426610,Middle Tennessee Blue Raiders,Florida Atlantic Owls,49,21,0,2,2393,2226,,
2022-11-19,401426611,Rice Owls,UTSA Roadrunners,7,41,0,2,242,2636,,
2022-11-19,401426613,Auburn Tigers,Western Kentucky Hilltoppers,41,17,0,2,2,98,,
2022-11-20,401403947,Arkansas Razorbacks,Ole Miss Rebels,42,27,0,2,8,145,,
2022-11-20,401403952,Missouri Tigers,New Mexico State Aggies,45,14,0,2,142,166,,
2022-11-20,401403953,South Carolina Gamecocks,Tennessee Volunteers,63,38,0,2,2579,2633,,
2022-11-20,401404042,Washington Huskies,Colorado Buffaloes,54,7,0,2,264,38,,
2022-11-20,401404043,Oregon Ducks,Utah Utes,20,17,0,2,2483,254,,
2022-11-20,401404044,UCLA Bruins,USC Trojans,45,48,0,2,26,30,,
2022-11-20,401404115,Iowa State Cyclones,Texas Tech Red Raiders,10,14,0,2,66,2641,,
2022-11-20,401404118,Oklahoma Sooners,Oklahoma State Cowboys,28,13,0,2,201,197,,
2022-11-20,401411171,Wake Forest Demon Deacons,Syracuse Orange,45,35,0,2,154,183,,
2022-11-20,401415261,Wyoming Cowboys,Boise State Broncos,17,20,0,2,2751,68,,
2022-11-20,401415262,Air Force Falcons,Colorado State Rams,24,12,0,2,2005,36,,
2022-11-20,401415263,Nevada Wolf Pack,Fresno State Bulldogs,14,41,0,2,2440,278,,
2022-11-20,401415265,Utah State Aggies,San José State Spartans,35,31,0,2,328,23,,
2022-11-20,401415266,Hawai'i Rainbow Warriors,UNLV Rebels,31,25,0,2,62,2439,,
2022-11-20,401426612,LSU Tigers,UAB Blazers,41,10,0,2,99,5,,
2022-11-23,401416648,Miami (OH) RedHawks,Ball State Cardinals,18,17,0,2,193,2050,,
2022-11-23,401416649,Ohio Bobcats,Bowling Green Falcons,38,14,0,2,195,189,,
2022-11-25,401403956,Ole Miss Rebels,Mississippi State Bulldogs,22,24,0,2,145,344,,
2022-11-25,401403961,Missouri Tigers,Arkansas Razorbacks,29,27,0,2,142,8,,
2022-11-25,401404045,Arizona Wildcats,Arizona State Sun Devils,38,35,0,2,12,9,,
2022-11-25,401404046,California Golden Bears,UCLA Bruins,28,35,0,2,25,26,,
2022-11-25,401404119,Texas Longhorns,Baylor Bears,38,27,0,2,251,239,,
2022-11-25,401405148,Iowa Hawkeyes,Nebraska Cornhuskers,17,24,0,2,2294,158,,
2022-11-25,401411172,North Carolina Tar Heels,NC State Wolfpack,27,30,0,2,153,152,,
2022-11-25,401415268,Colorado State Rams,New Mexico Lobos,17,0,0,2,36,167,,
2022-11-25,401415269,Boise State Broncos,Utah State Aggies,42,23,0,2,68,328,,
2022-11-25,401415665,Cincinnati Bearcats,Tulane Green Wave,24,27,0,2,2132,2655,,
2022-11-25,401416650,Eastern Michigan Eagles,Central Michigan Chippewas,38,19,0,2,2199,2117,,
2022-11-25,401416651,Western Michigan Broncos,Toledo Rockets,20,14,0,2,2711,2649,,
2022-11-26,401403957,Alabama Crimson Tide,Auburn Tigers,49,27,0,2,333,2,,
2022-11-26,401403958,Florida State Seminoles,Florida Gators,45,38,0,2,52,57,,
2022-11-26,401403959,Georgia Bulldogs,Georgia Tech Yellow Jackets,37,14,0,2,61,59,,
2022-11-26,401403960,Kentucky Wildcats,Louisville Cardinals,26,13,0,2,96,97,,
2022-11-26,401403962,Clemson Tigers,South Carolina Gamecocks,30,31,0,2,228,2579,,
2022-11-26,401404047,Oregon State Beavers,Oregon Ducks,38,34,0,2,204,2483,,
2022-11-26,401404048,Colorado Buffaloes,Utah Utes,21,63,0,2,38,254,,
2022-11-26,401404120,TCU Horned Frogs,Iowa State Cyclones,62,14,0,2,2628,66,,
2022-11-26,401404123,Oklahoma State Cowboys,West Virginia Mountaineers,19,24,0,2,197,277,,
2022-11-26,401404144,Massachusetts Minutemen,Army Black Knights,7,44,0,2,113,349,,
2022-11-26,401404166,Liberty Flames,New Mexico State Aggies,14,49,0,2,2335,166,,
2022-11-26,401405149,Northwestern Wildcats,Illinois Fighting Illini,3,41,0,2,77,356,,
2022-11-26,401405150,Wisconsin Badgers,Minnesota Golden Gophers,16,23,0,2,275,135,,
2022-11-26,401405151,Indiana Hoosiers,Purdue Boilermakers,16,30,0,2,84,2509,,
2022-11-26,401405152,Maryland Terrapins,Rutgers Scarlet Knights,37,0,0,2,120,164,,
2022-11-26,401405153,Ohio State Buckeyes,Michigan Wolverines,23,45,0,2,194,130,,
2022-11-26,401405154,Penn State Nittany Lions,Michigan State Spartans,35,16,0,2,213,127,,
2022-11-26,401411174,Duke Blue Devils,Wake Forest Demon Deacons,34,31,0,2,150,154,,
2022-11-26,401415270,Fresno State Bulldogs,Wyoming Cowboys,30,0,0,2,278,2751,,
2022-11-26,401415271,San José State Spartans,Hawai'i Rainbow Warriors,27,14,0,2,23,62,,
2022-11-26,401415272,UNLV Rebels,Nevada Wolf Pack,27,22,0,2,2439,2440,,
2022-11-26,401415664,Temple Owls,East Carolina Pirates,46,49,0,2,218,151,,
2022-11-26,401415666,SMU Mustangs,Memphis Tigers,34,31,0,2,2567,235,,
2022-11-26,401416652,Northern Illinois Huskies,Akron Zips,12,44,0,2,2459,2006,,
2022-11-26,401416653,Buffalo Bulls,Kent State Golden Flashes,27,30,0,2,2084,2309,,
2022-11-26,401426382,Georgia Southern Eagles,Appalachian State Mountaineers,51,48,0,2,290,2026,,
2022-11-26,401426383,James Madison Dukes,Coastal Carolina Chanticleers,47,7,0,2,256,324,,
2022-11-26,401426384,Arkansas State Red Wolves,Troy Trojans,19,48,0,2,2032,2653,,
2022-11-26,401426385,UL Monroe Warhawks,Southern Miss Golden Eagles,10,20,0,2,2433,2572,,
2022-11-26,401426386,Texas State Bobcats,Louisiana Ragin' Cajuns,13,41,0,2,326,309,,
2022-11-26,401426389,South Alabama Jaguars,Old Dominion Monarchs,27,20,0,2,6,295,,
2022-11-26,401426390,Marshall Thundering Herd,Georgia State Panthers,28,23,0,2,276,2247,,
2022-11-26,401426614,Florida International Panthers,Middle Tennessee Blue Raiders,28,33,0,2,2229,2393,,
2022-11-26,401426615,Florida Atlantic Owls,Western Kentucky Hilltoppers,31,32,0,2,2226,98,,
2022-11-26,401426616,Louisiana Tech Bulldogs,UAB Blazers,27,37,0,2,2348,5,,
2022-11-26,401426617,North Texas Mean Green,Rice Owls,21,17,0,2,249,242,,
2022-11-26,401426618,UTSA Roadrunners,UTEP Miners,34,31,0,2,2636,2638,,
2022-11-26,401505430,Delaware Blue Hens,St. Francis (PA) Red Flash,56,17,0,2,48,2598,,
2022-11-27,401403963,Texas A&M Aggies,LSU Tigers,38,23,0,2,245,99,,
2022-11-27,401403964,Vanderbilt Commodores,Tennessee Volunteers,0,56,0,2,238,2633,,
2022-11-27,401404049,Stanford Cardinal,BYU Cougars,26,35,0,2,24,252,,
2022-11-27,401404051,Washington State Cougars,Washington Huskies,33,51,0,2,265,264,,
2022-11-27,401404121,Kansas State Wildcats,Kansas Jayhawks,47,27,0,2,2306,2305,,
2022-11-27,401404122,Texas Tech Red Raiders,Oklahoma Sooners,51,48,0,2,2641,201,,
2022-11-27,401404133,USC Trojans,Notre Dame Fighting Irish,38,27,0,2,30,87,,
2022-11-27,401411173,Boston College Eagles,Syracuse Orange,23,32,0,2,103,183,,
2022-11-27,401411175,Miami Hurricanes,Pittsburgh Panthers,16,42,0,2,2390,221,,
2022-11-27,401415267,San Diego State Aztecs,Air Force Falcons,3,13,0,2,21,2005,,
2022-11-27,401415667,South Florida Bulls,UCF Knights,39,46,0,2,58,2116,,
2022-11-27,401415668,Houston Cougars,Tulsa Golden Hurricane,30,37,0,2,248,202,,
2022-12-02,401506450,Buffalo Bulls,Akron Zips,23,22,0,2,2084,2006,,
2022-12-03,401437008,Tulane Green Wave,UCF Knights,45,28,0,2,2655,2116,,
2022-12-03,401437030,TCU Horned Frogs,Kansas State Wildcats,28,31,1,2,2628,2306,,
2022-12-03,401437032,UTSA Roadrunners,North Texas Mean Green,48,27,0,2,2636,249,,
2022-12-03,401437033,Ohio Bobcats,Toledo Rockets,7,17,1,2,195,2649,,
2022-12-03,401437034,Boise State Broncos,Fresno State Bulldogs,16,28,0,2,68,278,,
2022-12-03,401437035,USC Trojans,Utah Utes,24,47,1,2,30,254,,
2022-12-03,401437036,Georgia Bulldogs,LSU Tigers,50,30,1,2,61,99,,
2022-12-03,401437037,Troy Trojans,Coastal Carolina Chanticleers,45,26,0,2,2653,324,,
2022-12-03,401506577,Sacramento State Hornets,Richmond Spiders,38,31,0,2,16,257,,
2022-12-03,401506578,South Dakota State Jackrabbits,Delaware Blue Hens,42,6,0,2,2571,48,,
2022-12-03,401506690,North Dakota State Bison,Montana Grizzlies,49,26,0,2,2449,149,,
2022-12-03,401507088,New Mexico State Aggies,Valparaiso Beacons,65,3,0,2,166,2674,,
2022-12-04,401437009,North Carolina Tar Heels,Clemson Tigers,10,39,1,2,153,228,,
2022-12-04,401437031,Michigan Wolverines,Purdue Boilermakers,43,22,1,2,130,2509,,
2022-12-10,401404145,Army Black Knights,Navy Midshipmen,20,17,1,2,349,2426,,
2022-12-10,401507650,North Dakota State Bison,Samford Bulldogs,27,9,0,2,2449,2535,,
2022-12-10,401507652,Sacramento State Hornets,Incarnate Word Cardinals,63,66,0,2,16,2916,,
2022-12-16,401441993,UAB Blazers,Miami (OH) RedHawks,24,20,1,3,5,193,,
2022-12-16,401441994,Troy Trojans,UTSA Roadrunners,18,12,1,3,2653,2636,,
2022-12-17,401441995,Louisville Cardinals,Cincinnati Bearcats,24,7,1,3,97,2132,,
2022-12-17,401441999,Oregon State Beavers,Florida Gators,30,3,1,3,204,57,,
2022-12-17,401442038,Fresno State Bulldogs,Washington State Cougars,29,6,1,3,278,265,,
2022-12-17,401442041,Southern Miss Golden Eagles,Rice Owls,38,24,1,3,2572,242,,
2022-12-17,401508850,North Dakota State Bison,Incarnate Word Cardinals,35,32,0,3,2449,2916,,
2022-12-18,401441997,BYU Cougars,SMU Mustangs,24,23,1,3,252,2567,,
2022-12-18,401442001,Boise State Broncos,North Texas Mean Green,35,32,1,3,68,249,,
2022-12-19,401442003,UConn Huskies,Marshall Thundering Herd,14,28,1,3,41,276,,
2022-12-20,401442004,San José State Spartans,Eastern Michigan Eagles,27,41,1,3,23,2199,,
2022-12-21,401442006,Toledo Rockets,Liberty Flames,21,19,1,3,2649,2335,,
2022-12-22,401442039,South Alabama Jaguars,Western Kentucky Hilltoppers,23,44,1,3,6,98,,
2022-12-23,401442007,Missouri Tigers,Wake Forest Demon Deacons,17,27,1,3,142,154,,
2022-12-23,401442040,Air Force Falcons,Baylor Bears,30,15,1,3,2005,239,,
2022-12-23,401442042,Houston Cougars,Louisiana Ragin' Cajuns,23,16,1,3,248,309,,
2022-12-25,401442009,San Diego State Aztecs,Middle Tennessee Blue Raiders,23,25,1,3,21,2393,,
2022-12-26,401442037,Bowling Green Falcons,New Mexico State Aggies,19,24,1,3,189,166,,
2022-12-27,401441998,Buffalo Bulls,Georgia Southern Eagles,23,21,1,3,2084,290,,
2022-12-27,401442000,Utah State Aggies,Memphis Tigers,10,38,1,3,328,235,,
2022-12-27,401442002,East Carolina Pirates,Coastal Carolina Chanticleers,53,29,1,3,151,324,,
2022-12-28,401442005,Oklahoma State Cowboys,Wisconsin Badgers,17,24,1,3,197,275,,
2022-12-28,401442008,Duke Blue Devils,UCF Knights,30,13,1,3,150,2116,,
2022-12-28,401442030,Arkansas Razorbacks,Kansas Jayhawks,55,53,1,3,8,2305,,
2022-12-29,401442031,Ole Miss Rebels,Texas Tech Red Raiders,25,42,1,3,145,2641,,
2022-12-29,401442032,Minnesota Golden Gophers,Syracuse Orange,28,20,1,3,135,183,,
2022-12-29,401442033,Florida State Seminoles,Oklahoma Sooners,35,32,1,3,52,201,,
2022-12-29,401470891,North Carolina Tar Heels,Oregon Ducks,27,28,1,3,153,2483,,
2022-12-30,401442034,Washington Huskies,Texas Longhorns,27,20,1,3,264,251,,
2022-12-30,401442035,NC State Wolfpack,Maryland Terrapins,12,16,1,3,152,120,,
2022-12-30,401442036,South Carolina Gamecocks,Notre Dame Fighting Irish,38,45,1,3,2579,87,,
2022-12-30,401443542,UCLA Bruins,Pittsburgh Panthers,35,37,1,3,26,221,,
2022-12-30,401443543,Wyoming Cowboys,Ohio Bobcats,27,30,1,3,2751,195,,
2022-12-31,401442016,Michigan Wolverines,TCU Horned Frogs,45,51,1,3,130,2628,,
2022-12-31,401442017,Kentucky Wildcats,Iowa Hawkeyes,0,21,1,3,96,2294,,
2022-12-31,401442018,Kansas State Wildcats,Alabama Crimson Tide,20,45,1,3,2306,333,,
2022-12-31,401442019,Clemson Tigers,Tennessee Volunteers,14,31,1,3,228,2633,,
2023-01-01,401442015,Georgia Bulldogs,Ohio State Buckeyes,42,41,1,3,61,194,,
2023-01-02,401442011,Illinois Fighting Illini,Mississippi State Bulldogs,10,19,1,3,356,344,,
2023-01-02,401442012,Purdue Boilermakers,LSU Tigers,7,63,1,3,2509,99,,
2023-01-02,401442013,USC Trojans,Tulane Green Wave,45,46,1,3,30,2655,,
2023-01-02,401442014,Utah Utes,Penn State Nittany Lions,21,35,1,3,254,213,,
2023-01-08,401445817,South Dakota State Jackrabbits,North Dakota State Bison,45,21,1,3,2571,2449,,
2023-01-10,401442010,Georgia Bulldogs,TCU Horned Frogs,65,7,1,3,61,2628,,
