date,id,home,away,hs,as,ot,hsog,asog,hpp,app
2024-10-04,2024020001,Buffalo Sabres,New Jersey Devils,1,4,0,31.0,,,
2024-10-05,2024020002,New Jersey Devils,Buffalo Sabres,3,1,0,37.0,18.0,,
2024-10-08,2024020003,Seattle Kraken,St. Louis Blues,2,3,0,32.0,25.0,,
2024-10-08,2024020004,Florida Panthers,Boston Bruins,6,4,0,35.0,28.0,,
2024-10-08,2024020005,Utah Hockey Club,Chicago Blackhawks,5,2,0,27.0,26.0,,
2024-10-09,2024020006,Montréal Canadiens,Toronto Maple Leafs,1,0,0,27.0,48.0,,
2024-10-09,2024020007,Pittsburgh Penguins,New York Rangers,0,6,0,,,,
2024-10-09,2024020008,Edmonton Oilers,Winnipeg Jets,0,6,0,30.0,20.0,,
2024-10-09,2024020009,Vancouver Canucks,Calgary Flames,5,6,1,24.0,,,
2024-10-09,2024020010,Vegas Golden Knights,Colorado Avalanche,8,4,0,,,,
2024-10-10,2024020011,Boston Bruins,Montréal Canadiens,6,4,0,29.0,24.0,,
2024-10-10,2024020012,Buffalo Sabres,Los Angeles Kings,1,3,0,,23.0,,
2024-10-10,2024020013,Ottawa Senators,Florida Panthers,3,1,0,,,,
2024-10-10,2024020014,Detroit Red Wings,Pittsburgh Penguins,3,6,0,,28.0,,
2024-10-10,2024020015,New Jersey Devils,Toronto Maple Leafs,2,4,0,23.0,22.0,,
2024-10-10,2024020016,New York Islanders,Utah Hockey Club,4,5,1,27.0,26.0,,
2024-10-10,2024020017,Nashville Predators,Dallas Stars,3,4,0,36.0,,,
2024-10-10,2024020018,Minnesota Wild,Columbus Blue Jackets,3,2,0,26.0,33.0,,
2024-10-10,2024020019,San Jose Sharks,St. Louis Blues,4,5,1,29.0,40.0,,
2024-10-11,2024020020,Carolina Hurricanes,Tampa Bay Lightning,1,4,0,,23.0,,
2024-10-11,2024020021,Winnipeg Jets,Chicago Blackhawks,2,1,1,,26.0,,
2024-10-11,2024020022,Vancouver Canucks,Philadelphia Flyers,2,3,1,26.0,31.0,,
2024-10-11,2024020023,Vegas Golden Knights,St. Louis Blues,4,3,0,,,,
2024-10-12,2024020024,Boston Bruins,Los Angeles Kings,2,1,1,26.0,34.0,,
2024-10-12,2024020025,Buffalo Sabres,Florida Panthers,5,2,0,27.0,,,
2024-10-12,2024020026,Toronto Maple Leafs,Pittsburgh Penguins,4,2,0,33.0,23.0,,
2024-10-12,2024020027,Montréal Canadiens,Ottawa Senators,4,1,0,,25.0,,
2024-10-12,2024020028,Detroit Red Wings,Nashville Predators,3,0,0,,,,
2024-10-12,2024020030,New York Rangers,Utah Hockey Club,5,6,1,34.0,,,
2024-10-12,2024020031,Washington Capitals,New Jersey Devils,3,5,0,32.0,33.0,,
2024-10-12,2024020032,Dallas Stars,New York Islanders,3,0,0,27.0,34.0,,
2024-10-12,2024020033,Minnesota Wild,Seattle Kraken,4,5,1,38.0,,,
2024-10-12,2024020034,Colorado Avalanche,Columbus Blue Jackets,4,6,0,,,,
2024-10-12,2024020035,Calgary Flames,Philadelphia Flyers,6,3,0,,,,
2024-10-12,2024020036,Edmonton Oilers,Chicago Blackhawks,2,5,0,38.0,,,
2024-10-12,2024020037,San Jose Sharks,Anaheim Ducks,0,2,0,30.0,30.0,,
2024-10-13,2024020038,Winnipeg Jets,Minnesota Wild,2,1,1,35.0,,,
2024-10-13,2024020039,Dallas Stars,Seattle Kraken,2,0,0,23.0,25.0,,
2024-10-13,2024020040,Edmonton Oilers,Calgary Flames,1,4,0,26.0,29.0,,
2024-10-13,2024020041,Vegas Golden Knights,Anaheim Ducks,3,1,0,32.0,,,
2024-10-14,2024020042,Boston Bruins,Florida Panthers,3,4,0,27.0,26.0,,
2024-10-14,2024020043,Ottawa Senators,Los Angeles Kings,8,7,1,41.0,26.0,,
2024-10-14,2024020044,New Jersey Devils,Utah Hockey Club,3,0,0,,20.0,,
2024-10-14,2024020045,New York Rangers,Detroit Red Wings,4,1,0,,32.0,,
2024-10-14,2024020046,Montréal Canadiens,Pittsburgh Penguins,3,6,0,28.0,30.0,,
2024-10-14,2024020047,Colorado Avalanche,New York Islanders,2,6,0,34.0,37.0,,
2024-10-15,2024020048,Tampa Bay Lightning,Vancouver Canucks,4,1,0,27.0,27.0,,
2024-10-15,2024020049,Washington Capitals,Vegas Golden Knights,4,2,0,22.0,26.0,,
2024-10-15,2024020050,Carolina Hurricanes,New Jersey Devils,4,2,0,31.0,26.0,,
2024-10-15,2024020051,Columbus Blue Jackets,Florida Panthers,3,4,0,38.0,22.0,,
2024-10-15,2024020052,St. Louis Blues,Minnesota Wild,1,4,0,28.0,,,
2024-10-15,2024020053,Nashville Predators,Seattle Kraken,3,7,0,,,,
2024-10-15,2024020054,Dallas Stars,San Jose Sharks,3,2,1,38.0,27.0,,
2024-10-15,2024020055,Calgary Flames,Chicago Blackhawks,3,1,0,27.0,32.0,,
2024-10-15,2024020056,Edmonton Oilers,Philadelphia Flyers,4,3,1,31.0,30.0,,
2024-10-16,2024020057,Pittsburgh Penguins,Buffalo Sabres,6,5,1,43.0,33.0,,
2024-10-16,2024020058,Toronto Maple Leafs,Los Angeles Kings,6,2,0,26.0,34.0,,
2024-10-16,2024020059,Colorado Avalanche,Boston Bruins,3,5,0,25.0,,,
2024-10-16,2024020060,Anaheim Ducks,Utah Hockey Club,5,4,1,,30.0,,
2024-10-17,2024020061,Montréal Canadiens,Los Angeles Kings,1,4,0,27.0,32.0,,
2024-10-17,2024020062,Ottawa Senators,New Jersey Devils,1,3,0,,35.0,,
2024-10-17,2024020063,Detroit Red Wings,New York Rangers,2,5,0,31.0,34.0,,
2024-10-17,2024020064,Tampa Bay Lightning,Vegas Golden Knights,4,3,0,,,,
2024-10-17,2024020065,Florida Panthers,Vancouver Canucks,2,3,1,28.0,,,
2024-10-17,2024020066,Washington Capitals,Dallas Stars,3,2,0,26.0,24.0,,
2024-10-17,2024020067,Columbus Blue Jackets,Buffalo Sabres,6,4,0,25.0,,,
2024-10-17,2024020068,St. Louis Blues,New York Islanders,1,0,1,,,,
2024-10-17,2024020069,Nashville Predators,Edmonton Oilers,2,4,0,27.0,36.0,,
2024-10-17,2024020070,Chicago Blackhawks,San Jose Sharks,4,2,0,27.0,22.0,,
2024-10-17,2024020071,Seattle Kraken,Philadelphia Flyers,6,4,0,29.0,25.0,,
2024-10-18,2024020072,Pittsburgh Penguins,Carolina Hurricanes,1,4,0,26.0,38.0,,
2024-10-18,2024020073,Winnipeg Jets,San Jose Sharks,8,3,0,36.0,,,
2024-10-18,2024020074,Colorado Avalanche,Anaheim Ducks,4,3,1,49.0,19.0,,
2024-10-19,2024020075,Ottawa Senators,Tampa Bay Lightning,5,4,0,28.0,29.0,,
2024-10-19,2024020076,Nashville Predators,Detroit Red Wings,2,5,0,39.0,24.0,,
2024-10-19,2024020077,Dallas Stars,Edmonton Oilers,4,1,0,24.0,31.0,,
2024-10-19,2024020078,Florida Panthers,Vegas Golden Knights,4,3,1,49.0,26.0,,
2024-10-19,2024020079,Toronto Maple Leafs,New York Rangers,1,4,0,35.0,29.0,,
2024-10-19,2024020080,New Jersey Devils,Washington Capitals,5,6,1,,37.0,,
2024-10-19,2024020081,New York Islanders,Montréal Canadiens,4,3,1,,24.0,,
2024-10-19,2024020082,Philadelphia Flyers,Vancouver Canucks,0,3,0,,32.0,,
2024-10-19,2024020083,Columbus Blue Jackets,Minnesota Wild,1,3,0,,,,
2024-10-19,2024020084,St. Louis Blues,Carolina Hurricanes,4,3,0,19.0,40.0,,
2024-10-19,2024020085,Chicago Blackhawks,Buffalo Sabres,2,4,0,37.0,22.0,,
2024-10-19,2024020086,Utah Hockey Club,Boston Bruins,2,1,1,32.0,22.0,,
2024-10-19,2024020087,Seattle Kraken,Calgary Flames,2,1,1,23.0,,,
2024-10-20,2024020088,Winnipeg Jets,Pittsburgh Penguins,6,3,0,37.0,42.0,,
2024-10-20,2024020089,San Jose Sharks,Colorado Avalanche,1,4,0,26.0,22.0,,
2024-10-20,2024020090,Anaheim Ducks,Los Angeles Kings,1,4,0,14.0,,,
2024-10-21,2024020091,Toronto Maple Leafs,Tampa Bay Lightning,5,2,0,29.0,34.0,,
2024-10-22,2024020092,Philadelphia Flyers,Washington Capitals,1,4,0,,29.0,,
2024-10-22,2024020093,Florida Panthers,Minnesota Wild,1,5,0,25.0,22.0,,
2024-10-22,2024020094,New Jersey Devils,Tampa Bay Lightning,5,8,0,,,,
2024-10-22,2024020095,Buffalo Sabres,Dallas Stars,4,2,0,25.0,30.0,,
2024-10-22,2024020096,Montréal Canadiens,New York Rangers,2,7,0,23.0,,,
2024-10-22,2024020097,Columbus Blue Jackets,Toronto Maple Leafs,6,2,0,,,,
2024-10-22,2024020098,New York Islanders,Detroit Red Wings,0,1,0,30.0,,,
2024-10-22,2024020099,St. Louis Blues,Winnipeg Jets,2,3,0,,,,
2024-10-22,2024020100,Chicago Blackhawks,Vancouver Canucks,3,6,0,34.0,30.0,,
2024-10-22,2024020101,Nashville Predators,Boston Bruins,4,0,0,42.0,33.0,,
2024-10-22,2024020102,Calgary Flames,Pittsburgh Penguins,4,3,1,25.0,38.0,,
2024-10-22,2024020103,Edmonton Oilers,Carolina Hurricanes,2,3,1,35.0,33.0,,
2024-10-22,2024020104,Utah Hockey Club,Ottawa Senators,0,4,0,31.0,22.0,,
2024-10-22,2024020105,Anaheim Ducks,San Jose Sharks,3,1,0,,,,
2024-10-22,2024020106,Seattle Kraken,Colorado Avalanche,2,3,0,27.0,28.0,,
2024-10-22,2024020107,Vegas Golden Knights,Los Angeles Kings,6,1,0,,,,
2024-10-23,2024020108,Washington Capitals,Philadelphia Flyers,6,3,0,25.0,,,
2024-10-24,2024020109,Boston Bruins,Dallas Stars,2,5,0,27.0,32.0,,
2024-10-24,2024020110,Toronto Maple Leafs,St. Louis Blues,1,5,0,,27.0,,
2024-10-24,2024020111,Detroit Red Wings,New Jersey Devils,5,3,0,,40.0,,
2024-10-24,2024020112,Tampa Bay Lightning,Minnesota Wild,2,4,0,26.0,18.0,,
2024-10-24,2024020113,New York Rangers,Florida Panthers,1,3,0,25.0,,,
2024-10-24,2024020114,Calgary Flames,Carolina Hurricanes,2,4,0,32.0,43.0,,
2024-10-24,2024020115,Utah Hockey Club,Colorado Avalanche,1,5,0,26.0,26.0,,
2024-10-24,2024020116,Seattle Kraken,Winnipeg Jets,3,4,1,32.0,36.0,,
2024-10-24,2024020117,Los Angeles Kings,San Jose Sharks,3,2,0,,26.0,,
2024-10-25,2024020118,Vegas Golden Knights,Ottawa Senators,6,4,0,,39.0,,
2024-10-25,2024020119,New Jersey Devils,New York Islanders,3,4,1,36.0,30.0,,
2024-10-25,2024020120,Chicago Blackhawks,Nashville Predators,2,3,0,29.0,34.0,,
2024-10-25,2024020121,Edmonton Oilers,Pittsburgh Penguins,4,0,0,50.0,27.0,,
2024-10-26,2024020122,Buffalo Sabres,Detroit Red Wings,5,3,0,39.0,25.0,,
2024-10-26,2024020123,Philadelphia Flyers,Minnesota Wild,7,5,0,,26.0,,
2024-10-26,2024020124,Los Angeles Kings,Utah Hockey Club,3,2,0,,26.0,,
2024-10-26,2024020125,Boston Bruins,Toronto Maple Leafs,4,3,1,34.0,23.0,,
2024-10-26,2024020126,Montréal Canadiens,St. Louis Blues,5,2,0,26.0,31.0,,
2024-10-26,2024020127,Tampa Bay Lightning,Washington Capitals,3,0,0,21.0,32.0,,
2024-10-26,2024020128,New York Rangers,Anaheim Ducks,2,1,0,32.0,33.0,,
2024-10-26,2024020129,Calgary Flames,Winnipeg Jets,3,5,0,,,,
2024-10-26,2024020130,New York Islanders,Florida Panthers,3,6,0,,29.0,,
2024-10-26,2024020131,Nashville Predators,Columbus Blue Jackets,4,3,1,,28.0,,
2024-10-26,2024020132,Dallas Stars,Chicago Blackhawks,4,2,0,,24.0,,
2024-10-26,2024020133,Vancouver Canucks,Pittsburgh Penguins,4,3,0,34.0,24.0,,
2024-10-26,2024020134,Vegas Golden Knights,San Jose Sharks,7,3,0,42.0,26.0,,
2024-10-26,2024020135,Seattle Kraken,Carolina Hurricanes,1,4,0,19.0,39.0,,
2024-10-27,2024020136,Detroit Red Wings,Edmonton Oilers,2,3,1,26.0,,,
2024-10-27,2024020137,New Jersey Devils,Anaheim Ducks,6,2,0,34.0,,,
2024-10-27,2024020138,Philadelphia Flyers,Montréal Canadiens,3,4,0,,24.0,,
2024-10-27,2024020139,Colorado Avalanche,Ottawa Senators,5,4,0,32.0,,,
2024-10-28,2024020140,Buffalo Sabres,Florida Panthers,2,5,0,,31.0,,
2024-10-28,2024020141,Tampa Bay Lightning,Nashville Predators,3,2,1,27.0,37.0,,
2024-10-28,2024020142,Columbus Blue Jackets,Edmonton Oilers,6,1,0,,32.0,,
2024-10-28,2024020143,Winnipeg Jets,Toronto Maple Leafs,4,6,0,23.0,36.0,,
2024-10-28,2024020144,Colorado Avalanche,Chicago Blackhawks,2,5,0,26.0,26.0,,
2024-10-28,2024020145,Utah Hockey Club,San Jose Sharks,4,5,1,23.0,46.0,,
2024-10-28,2024020146,Vancouver Canucks,Carolina Hurricanes,3,4,1,,32.0,,
2024-10-28,2024020147,Vegas Golden Knights,Calgary Flames,5,0,0,,16.0,,
2024-10-29,2024020148,Boston Bruins,Philadelphia Flyers,0,2,0,,19.0,,
2024-10-29,2024020149,Montréal Canadiens,Seattle Kraken,2,8,0,,,,
2024-10-29,2024020150,Ottawa Senators,St. Louis Blues,8,1,0,,27.0,,
2024-10-29,2024020151,Washington Capitals,New York Rangers,5,3,0,,19.0,,
2024-10-29,2024020152,New York Islanders,Anaheim Ducks,1,3,0,41.0,22.0,,
2024-10-29,2024020153,Pittsburgh Penguins,Minnesota Wild,3,5,0,29.0,,,
2024-10-29,2024020154,San Jose Sharks,Los Angeles Kings,4,2,0,21.0,,,
2024-10-30,2024020155,Columbus Blue Jackets,New York Islanders,2,0,0,26.0,26.0,,
2024-10-30,2024020156,Detroit Red Wings,Winnipeg Jets,2,6,0,21.0,29.0,,
2024-10-30,2024020157,Colorado Avalanche,Tampa Bay Lightning,2,5,0,,21.0,,
2024-10-30,2024020158,Utah Hockey Club,Calgary Flames,5,1,0,,31.0,,
2024-10-30,2024020159,Vancouver Canucks,New Jersey Devils,0,6,0,20.0,,,
2024-10-30,2024020160,Los Angeles Kings,Vegas Golden Knights,6,3,0,27.0,26.0,,
2024-10-31,2024020161,Toronto Maple Leafs,Seattle Kraken,4,1,0,30.0,25.0,,
2024-10-31,2024020162,Philadelphia Flyers,St. Louis Blues,2,1,0,21.0,,,
2024-10-31,2024020163,Pittsburgh Penguins,Anaheim Ducks,2,1,1,45.0,23.0,,
2024-10-31,2024020164,Washington Capitals,Montréal Canadiens,6,3,0,34.0,,,
2024-10-31,2024020165,Carolina Hurricanes,Boston Bruins,8,2,0,,,,
2024-10-31,2024020166,Nashville Predators,Edmonton Oilers,1,5,0,27.0,29.0,,
2024-10-31,2024020167,San Jose Sharks,Chicago Blackhawks,3,2,0,,29.0,,
2024-11-01,2024020168,Dallas Stars,Florida Panthers,4,6,0,36.0,28.0,,
2024-11-01,2024020169,Buffalo Sabres,New York Islanders,3,4,0,35.0,36.0,,
2024-11-01,2024020170,New York Rangers,Ottawa Senators,2,1,0,18.0,41.0,,
2024-11-01,2024020171,Columbus Blue Jackets,Winnipeg Jets,2,6,0,22.0,,,
2024-11-01,2024020172,Minnesota Wild,Tampa Bay Lightning,5,3,0,22.0,30.0,,
2024-11-01,2024020173,Calgary Flames,New Jersey Devils,3,0,0,32.0,22.0,,
2024-11-02,2024020174,Florida Panthers,Dallas Stars,4,2,0,25.0,25.0,,
2024-11-02,2024020175,Philadelphia Flyers,Boston Bruins,0,3,0,20.0,31.0,,
2024-11-02,2024020176,Los Angeles Kings,Chicago Blackhawks,3,4,1,40.0,21.0,,
2024-11-02,2024020177,Washington Capitals,Columbus Blue Jackets,7,2,0,,36.0,,
2024-11-02,2024020178,Ottawa Senators,Seattle Kraken,3,0,0,23.0,22.0,,
2024-11-02,2024020179,Detroit Red Wings,Buffalo Sabres,2,1,0,23.0,32.0,,
2024-11-02,2024020180,Pittsburgh Penguins,Montréal Canadiens,3,1,0,24.0,26.0,,
2024-11-02,2024020181,St. Louis Blues,Toronto Maple Leafs,4,2,0,,37.0,,
2024-11-02,2024020182,Nashville Predators,Colorado Avalanche,5,2,0,26.0,,,
2024-11-02,2024020183,Vegas Golden Knights,Utah Hockey Club,4,3,1,,19.0,,
2024-11-02,2024020184,San Jose Sharks,Vancouver Canucks,2,3,0,23.0,28.0,,
2024-11-03,2024020185,New York Rangers,New York Islanders,5,2,0,,,,
2024-11-03,2024020186,Winnipeg Jets,Tampa Bay Lightning,7,4,0,34.0,30.0,,
2024-11-03,2024020187,Boston Bruins,Seattle Kraken,2,0,0,,23.0,,
2024-11-03,2024020188,Carolina Hurricanes,Washington Capitals,4,2,0,45.0,21.0,,
2024-11-03,2024020189,Minnesota Wild,Toronto Maple Leafs,2,1,1,33.0,28.0,,
2024-11-03,2024020190,Calgary Flames,Edmonton Oilers,2,4,0,,31.0,,
2024-11-03,2024020191,Anaheim Ducks,Chicago Blackhawks,2,4,0,40.0,,,
2024-11-04,2024020192,Nashville Predators,Los Angeles Kings,0,3,0,,,,
2024-11-04,2024020193,Edmonton Oilers,New Jersey Devils,0,3,0,31.0,16.0,,
2024-11-05,2024020194,Buffalo Sabres,Ottawa Senators,5,1,0,34.0,,,
2024-11-05,2024020195,Toronto Maple Leafs,Boston Bruins,4,0,0,27.0,,,
2024-11-05,2024020196,Montréal Canadiens,Calgary Flames,2,3,1,24.0,35.0,,
2024-11-05,2024020197,Carolina Hurricanes,Philadelphia Flyers,6,4,0,,16.0,,
2024-11-05,2024020198,New York Islanders,Pittsburgh Penguins,4,3,1,,,,
2024-11-05,2024020199,St. Louis Blues,Tampa Bay Lightning,3,2,0,23.0,23.0,,
2024-11-05,2024020200,Minnesota Wild,Los Angeles Kings,1,5,0,24.0,28.0,,
2024-11-05,2024020201,Winnipeg Jets,Utah Hockey Club,3,0,0,,21.0,,
2024-11-05,2024020202,Colorado Avalanche,Seattle Kraken,6,3,0,,20.0,,
2024-11-05,2024020203,Anaheim Ducks,Vancouver Canucks,1,5,0,,37.0,,
2024-11-05,2024020204,San Jose Sharks,Columbus Blue Jackets,2,1,1,27.0,50.0,,
2024-11-06,2024020205,Washington Capitals,Nashville Predators,3,2,0,,35.0,,
2024-11-06,2024020206,Chicago Blackhawks,Detroit Red Wings,1,4,0,29.0,,,
2024-11-06,2024020207,Edmonton Oilers,Vegas Golden Knights,2,4,0,29.0,35.0,,
2024-11-07,2024020208,Boston Bruins,Calgary Flames,4,3,1,38.0,37.0,,
2024-11-07,2024020209,Ottawa Senators,New York Islanders,2,4,0,30.0,25.0,,
2024-11-07,2024020210,Tampa Bay Lightning,Philadelphia Flyers,1,2,1,,,,
2024-11-07,2024020211,Florida Panthers,Nashville Predators,6,2,0,34.0,,,
2024-11-07,2024020212,New Jersey Devils,Montréal Canadiens,5,3,0,27.0,24.0,,
2024-11-07,2024020213,New York Rangers,Buffalo Sabres,1,6,0,,22.0,,
2024-11-07,2024020214,Carolina Hurricanes,Pittsburgh Penguins,5,1,0,18.0,36.0,,
2024-11-07,2024020215,St. Louis Blues,Utah Hockey Club,2,4,0,15.0,,,
2024-11-07,2024020216,Dallas Stars,Chicago Blackhawks,3,1,0,40.0,26.0,,
2024-11-07,2024020217,Winnipeg Jets,Colorado Avalanche,1,0,0,,35.0,,
2024-11-07,2024020218,Los Angeles Kings,Vancouver Canucks,2,4,0,,23.0,,
2024-11-07,2024020219,San Jose Sharks,Minnesota Wild,2,5,0,26.0,31.0,,
2024-11-08,2024020220,Toronto Maple Leafs,Detroit Red Wings,3,1,0,20.0,22.0,,
2024-11-08,2024020221,Washington Capitals,Pittsburgh Penguins,2,4,0,34.0,32.0,,
2024-11-08,2024020222,Anaheim Ducks,Minnesota Wild,2,5,0,35.0,31.0,,
2024-11-08,2024020223,Seattle Kraken,Vegas Golden Knights,4,3,1,32.0,,,
2024-11-09,2024020224,Buffalo Sabres,Calgary Flames,3,2,1,19.0,26.0,,
2024-11-09,2024020225,Florida Panthers,Philadelphia Flyers,4,3,1,31.0,37.0,,
2024-11-09,2024020226,Boston Bruins,Ottawa Senators,2,3,1,16.0,34.0,,
2024-11-09,2024020227,Toronto Maple Leafs,Montréal Canadiens,4,1,0,27.0,21.0,,
2024-11-09,2024020228,Detroit Red Wings,New York Rangers,0,4,0,,,,
2024-11-09,2024020229,St. Louis Blues,Washington Capitals,1,8,0,,27.0,,
2024-11-09,2024020230,Winnipeg Jets,Dallas Stars,4,1,0,25.0,,,
2024-11-09,2024020231,New York Islanders,New Jersey Devils,3,4,1,22.0,,,
2024-11-09,2024020232,Nashville Predators,Utah Hockey Club,4,0,0,21.0,,,
2024-11-09,2024020233,Colorado Avalanche,Carolina Hurricanes,6,4,0,29.0,31.0,,
2024-11-09,2024020234,Los Angeles Kings,Columbus Blue Jackets,5,2,0,23.0,26.0,,
2024-11-09,2024020235,Vancouver Canucks,Edmonton Oilers,3,7,0,20.0,31.0,,
2024-11-10,2024020236,New Jersey Devils,San Jose Sharks,0,1,0,44.0,27.0,,
2024-11-10,2024020237,Chicago Blackhawks,Minnesota Wild,2,1,1,22.0,33.0,,
2024-11-10,2024020238,Anaheim Ducks,Columbus Blue Jackets,4,2,0,30.0,,,
2024-11-11,2024020239,Buffalo Sabres,Montréal Canadiens,5,7,0,18.0,23.0,,
2024-11-11,2024020240,Philadelphia Flyers,San Jose Sharks,4,3,1,43.0,31.0,,
2024-11-11,2024020241,Pittsburgh Penguins,Dallas Stars,1,7,0,,40.0,,
2024-11-11,2024020242,Calgary Flames,Los Angeles Kings,3,1,0,28.0,,,
2024-11-11,2024020243,Colorado Avalanche,Nashville Predators,3,2,1,32.0,,,
2024-11-11,2024020244,Vegas Golden Knights,Carolina Hurricanes,2,5,0,,34.0,,
2024-11-12,2024020245,Toronto Maple Leafs,Ottawa Senators,0,3,0,27.0,41.0,,
2024-11-12,2024020246,Florida Panthers,New Jersey Devils,1,4,0,,,,
2024-11-12,2024020247,New York Rangers,Winnipeg Jets,3,6,0,36.0,33.0,,
2024-11-12,2024020248,St. Louis Blues,Boston Bruins,2,3,0,22.0,30.0,,
2024-11-12,2024020249,Edmonton Oilers,New York Islanders,4,3,1,,22.0,,
2024-11-12,2024020250,Vancouver Canucks,Calgary Flames,3,1,0,32.0,29.0,,
2024-11-12,2024020251,Seattle Kraken,Columbus Blue Jackets,5,2,0,33.0,40.0,,
2024-11-13,2024020252,Pittsburgh Penguins,Detroit Red Wings,2,3,1,33.0,,,
2024-11-13,2024020253,Washington Capitals,Toronto Maple Leafs,3,4,1,,34.0,,
2024-11-13,2024020254,Utah Hockey Club,Carolina Hurricanes,4,1,0,,,,
2024-11-13,2024020255,Colorado Avalanche,Los Angeles Kings,4,2,0,,15.0,,
2024-11-13,2024020256,Anaheim Ducks,Vegas Golden Knights,2,3,0,24.0,,,
2024-11-14,2024020257,Buffalo Sabres,St. Louis Blues,4,3,1,,,,
2024-11-14,2024020258,Ottawa Senators,Philadelphia Flyers,4,5,1,37.0,,,
2024-11-14,2024020259,Tampa Bay Lightning,Winnipeg Jets,4,1,0,,,,
2024-11-14,2024020260,Florida Panthers,New Jersey Devils,2,6,0,27.0,,,
2024-11-14,2024020261,New York Rangers,San Jose Sharks,3,2,0,35.0,27.0,,
2024-11-14,2024020262,Dallas Stars,Boston Bruins,7,2,0,38.0,25.0,,
2024-11-14,2024020263,Minnesota Wild,Montréal Canadiens,3,0,0,,19.0,,
2024-11-14,2024020264,Edmonton Oilers,Nashville Predators,3,2,1,34.0,22.0,,
2024-11-14,2024020265,Vancouver Canucks,New York Islanders,2,5,0,26.0,32.0,,
2024-11-14,2024020266,Seattle Kraken,Chicago Blackhawks,3,1,0,,19.0,,
2024-11-15,2024020267,Columbus Blue Jackets,Pittsburgh Penguins,6,2,0,39.0,23.0,,
2024-11-15,2024020268,Colorado Avalanche,Washington Capitals,2,5,0,19.0,20.0,,
2024-11-15,2024020269,Calgary Flames,Nashville Predators,2,0,0,,29.0,,
2024-11-15,2024020270,Utah Hockey Club,Vegas Golden Knights,2,4,0,,,,
2024-11-15,2024020271,Anaheim Ducks,Detroit Red Wings,6,4,0,,25.0,,
2024-11-16,2024020272,Boston Bruins,St. Louis Blues,2,3,1,,,,
2024-11-16,2024020273,Seattle Kraken,New York Islanders,3,2,0,,24.0,,
2024-11-16,2024020274,Toronto Maple Leafs,Edmonton Oilers,4,3,1,22.0,,,
2024-11-16,2024020275,Montréal Canadiens,Columbus Blue Jackets,5,1,0,30.0,,,
2024-11-16,2024020276,Tampa Bay Lightning,New Jersey Devils,4,0,0,26.0,,,
2024-11-16,2024020277,Florida Panthers,Winnipeg Jets,5,0,0,,27.0,,
2024-11-16,2024020278,Philadelphia Flyers,Buffalo Sabres,5,2,0,,25.0,,
2024-11-16,2024020279,Pittsburgh Penguins,San Jose Sharks,4,3,1,36.0,29.0,,
2024-11-16,2024020280,Carolina Hurricanes,Ottawa Senators,4,0,0,28.0,24.0,,
2024-11-16,2024020281,Minnesota Wild,Dallas Stars,1,2,0,23.0,40.0,,
2024-11-16,2024020282,Los Angeles Kings,Detroit Red Wings,4,1,0,41.0,18.0,,
2024-11-16,2024020283,Vancouver Canucks,Chicago Blackhawks,4,1,0,33.0,29.0,,
2024-11-17,2024020284,Carolina Hurricanes,St. Louis Blues,4,1,0,24.0,,,
2024-11-17,2024020285,Vancouver Canucks,Nashville Predators,3,5,0,27.0,,,
2024-11-17,2024020286,Vegas Golden Knights,Washington Capitals,2,5,0,42.0,,,
2024-11-17,2024020287,Seattle Kraken,New York Rangers,0,2,0,24.0,23.0,,
2024-11-18,2024020288,Boston Bruins,Columbus Blue Jackets,1,5,0,,,,
2024-11-18,2024020289,Philadelphia Flyers,Colorado Avalanche,2,3,0,26.0,29.0,,
2024-11-18,2024020290,Montréal Canadiens,Edmonton Oilers,3,0,0,25.0,30.0,,
2024-11-18,2024020291,Dallas Stars,Anaheim Ducks,2,4,0,36.0,,,
2024-11-18,2024020292,Utah Hockey Club,Washington Capitals,2,6,0,26.0,,,
2024-11-18,2024020293,San Jose Sharks,Detroit Red Wings,5,4,1,34.0,,,
2024-11-19,2024020294,Ottawa Senators,Edmonton Oilers,2,5,0,29.0,31.0,,
2024-11-19,2024020295,Pittsburgh Penguins,Tampa Bay Lightning,2,3,1,19.0,,,
2024-11-19,2024020296,St. Louis Blues,Minnesota Wild,2,4,0,,28.0,,
2024-11-19,2024020297,Winnipeg Jets,Florida Panthers,6,3,0,27.0,,,
2024-11-19,2024020298,Chicago Blackhawks,Anaheim Ducks,2,3,0,,,,
2024-11-19,2024020299,Calgary Flames,New York Islanders,2,1,1,31.0,29.0,,
2024-11-19,2024020300,Vancouver Canucks,New York Rangers,3,4,0,24.0,33.0,,
2024-11-20,2024020301,Toronto Maple Leafs,Vegas Golden Knights,3,0,0,26.0,31.0,,
2024-11-20,2024020302,Philadelphia Flyers,Carolina Hurricanes,1,4,0,19.0,,,
2024-11-20,2024020303,Dallas Stars,San Jose Sharks,5,2,0,,23.0,,
2024-11-20,2024020304,Seattle Kraken,Nashville Predators,3,0,0,37.0,24.0,,
2024-11-20,2024020305,Los Angeles Kings,Buffalo Sabres,0,1,0,23.0,19.0,,
2024-11-21,2024020306,Boston Bruins,Utah Hockey Club,1,0,0,31.0,22.0,,
2024-11-21,2024020307,Ottawa Senators,Vegas Golden Knights,2,3,0,,32.0,,
2024-11-21,2024020308,Detroit Red Wings,New York Islanders,2,1,0,,,,
2024-11-21,2024020309,New Jersey Devils,Carolina Hurricanes,4,2,0,,22.0,,
2024-11-21,2024020310,Washington Capitals,Colorado Avalanche,1,2,0,29.0,27.0,,
2024-11-21,2024020311,Columbus Blue Jackets,Tampa Bay Lightning,7,6,1,43.0,,,
2024-11-21,2024020312,St. Louis Blues,San Jose Sharks,3,2,1,31.0,24.0,,
2024-11-21,2024020313,Chicago Blackhawks,Florida Panthers,3,1,0,20.0,33.0,,
2024-11-21,2024020314,Calgary Flames,New York Rangers,3,2,0,,29.0,,
2024-11-21,2024020315,Edmonton Oilers,Minnesota Wild,3,5,0,31.0,26.0,,
2024-11-22,2024020316,Pittsburgh Penguins,Winnipeg Jets,1,4,0,18.0,,,
2024-11-22,2024020317,Anaheim Ducks,Buffalo Sabres,2,3,1,24.0,32.0,,
2024-11-23,2024020318,Philadelphia Flyers,Chicago Blackhawks,3,2,1,37.0,21.0,,
2024-11-23,2024020319,Calgary Flames,Minnesota Wild,4,3,1,31.0,,,
2024-11-23,2024020320,Los Angeles Kings,Seattle Kraken,2,1,0,,20.0,,
2024-11-23,2024020321,Florida Panthers,Colorado Avalanche,4,7,0,31.0,25.0,,
2024-11-23,2024020322,Montréal Canadiens,Vegas Golden Knights,2,6,0,17.0,28.0,,
2024-11-23,2024020323,Ottawa Senators,Vancouver Canucks,3,4,0,29.0,,,
2024-11-23,2024020324,Detroit Red Wings,Boston Bruins,1,2,0,20.0,,,
2024-11-23,2024020325,Tampa Bay Lightning,Dallas Stars,2,4,0,29.0,28.0,,
2024-11-23,2024020326,Pittsburgh Penguins,Utah Hockey Club,1,6,0,28.0,30.0,,
2024-11-23,2024020327,Washington Capitals,New Jersey Devils,2,3,0,,33.0,,
2024-11-23,2024020328,Columbus Blue Jackets,Carolina Hurricanes,5,4,1,,,,
2024-11-23,2024020329,Nashville Predators,Winnipeg Jets,4,1,0,36.0,,,
2024-11-23,2024020330,New York Islanders,St. Louis Blues,3,1,0,,,,
2024-11-23,2024020331,San Jose Sharks,Buffalo Sabres,2,4,0,33.0,,,
2024-11-23,2024020332,Edmonton Oilers,New York Rangers,6,2,0,40.0,,,
2024-11-24,2024020333,Toronto Maple Leafs,Utah Hockey Club,3,2,0,35.0,26.0,,
2024-11-25,2024020334,Tampa Bay Lightning,Colorado Avalanche,8,2,0,33.0,25.0,,
2024-11-25,2024020335,Florida Panthers,Washington Capitals,1,4,0,21.0,31.0,,
2024-11-25,2024020336,New Jersey Devils,Nashville Predators,5,2,0,46.0,22.0,,
2024-11-25,2024020337,New York Rangers,St. Louis Blues,2,5,0,29.0,44.0,,
2024-11-25,2024020338,Philadelphia Flyers,Vegas Golden Knights,4,5,1,36.0,,,
2024-11-25,2024020339,Carolina Hurricanes,Dallas Stars,6,4,0,34.0,19.0,,
2024-11-25,2024020340,Ottawa Senators,Calgary Flames,4,3,0,30.0,,,
2024-11-25,2024020341,New York Islanders,Detroit Red Wings,2,4,0,29.0,21.0,,
2024-11-25,2024020342,Minnesota Wild,Winnipeg Jets,1,4,0,44.0,32.0,,
2024-11-25,2024020343,Anaheim Ducks,Seattle Kraken,2,3,0,23.0,,,
2024-11-25,2024020344,San Jose Sharks,Los Angeles Kings,7,2,0,21.0,24.0,,
2024-11-26,2024020345,Boston Bruins,Vancouver Canucks,0,2,0,33.0,15.0,,
2024-11-26,2024020346,Montréal Canadiens,Utah Hockey Club,2,3,1,13.0,29.0,,
2024-11-27,2024020347,Buffalo Sabres,Minnesota Wild,0,1,0,39.0,,,
2024-11-27,2024020348,New Jersey Devils,St. Louis Blues,0,3,0,32.0,20.0,,
2024-11-27,2024020349,Carolina Hurricanes,New York Rangers,4,3,0,31.0,22.0,,
2024-11-27,2024020350,Detroit Red Wings,Calgary Flames,2,1,1,27.0,,,
2024-11-27,2024020351,Tampa Bay Lightning,Washington Capitals,4,5,0,28.0,,,
2024-11-27,2024020352,Florida Panthers,Toronto Maple Leafs,5,1,0,,24.0,,
2024-11-27,2024020353,New York Islanders,Boston Bruins,3,6,0,,21.0,,
2024-11-27,2024020354,Pittsburgh Penguins,Vancouver Canucks,5,4,0,23.0,29.0,,
2024-11-27,2024020355,Columbus Blue Jackets,Montréal Canadiens,3,4,1,24.0,23.0,,
2024-11-27,2024020356,Nashville Predators,Philadelphia Flyers,2,3,1,27.0,,,
2024-11-27,2024020357,Chicago Blackhawks,Dallas Stars,6,2,0,26.0,27.0,,
2024-11-27,2024020358,Colorado Avalanche,Vegas Golden Knights,2,1,1,34.0,,,
2024-11-27,2024020359,Los Angeles Kings,Winnipeg Jets,4,1,0,33.0,,,
2024-11-27,2024020360,Seattle Kraken,Anaheim Ducks,2,5,0,44.0,33.0,,
2024-11-27,2024020361,San Jose Sharks,Ottawa Senators,3,4,0,39.0,,,
2024-11-29,2024020362,Philadelphia Flyers,New York Rangers,3,1,0,35.0,23.0,,
2024-11-29,2024020363,Minnesota Wild,Chicago Blackhawks,3,2,0,29.0,23.0,,
2024-11-29,2024020364,Buffalo Sabres,Vancouver Canucks,3,4,1,34.0,22.0,,
2024-11-29,2024020365,Detroit Red Wings,New Jersey Devils,4,5,0,28.0,,,
2024-11-29,2024020366,Washington Capitals,New York Islanders,5,4,1,26.0,24.0,,
2024-11-29,2024020367,Carolina Hurricanes,Florida Panthers,3,6,0,31.0,30.0,,
2024-11-29,2024020368,Columbus Blue Jackets,Calgary Flames,5,2,0,,29.0,,
2024-11-29,2024020369,Nashville Predators,Tampa Bay Lightning,2,3,1,,28.0,,
2024-11-29,2024020370,Anaheim Ducks,Los Angeles Kings,1,2,0,31.0,18.0,,
2024-11-29,2024020371,San Jose Sharks,Seattle Kraken,8,5,0,27.0,31.0,,
2024-11-29,2024020372,Boston Bruins,Pittsburgh Penguins,1,2,0,31.0,,,
2024-11-29,2024020373,Dallas Stars,Colorado Avalanche,5,3,0,,32.0,,
2024-11-29,2024020374,Vegas Golden Knights,Winnipeg Jets,4,3,0,,,,
2024-11-29,2024020375,Utah Hockey Club,Edmonton Oilers,3,4,1,,,,
2024-11-30,2024020376,New York Rangers,Montréal Canadiens,4,3,0,28.0,28.0,,
2024-11-30,2024020377,Florida Panthers,Carolina Hurricanes,6,0,0,,20.0,,
2024-11-30,2024020378,Tampa Bay Lightning,Toronto Maple Leafs,3,5,0,41.0,29.0,,
2024-11-30,2024020379,New Jersey Devils,Washington Capitals,5,6,0,27.0,32.0,,
2024-11-30,2024020380,Pittsburgh Penguins,Calgary Flames,6,2,0,43.0,32.0,,
2024-11-30,2024020381,St. Louis Blues,Philadelphia Flyers,2,3,1,27.0,31.0,,
2024-11-30,2024020382,Los Angeles Kings,Ottawa Senators,5,2,0,27.0,22.0,,
2024-11-30,2024020383,New York Islanders,Buffalo Sabres,3,0,0,,29.0,,
2024-11-30,2024020384,Minnesota Wild,Nashville Predators,3,2,1,28.0,,,
2024-11-30,2024020385,Colorado Avalanche,Edmonton Oilers,1,4,0,28.0,32.0,,
2024-11-30,2024020386,Vegas Golden Knights,Utah Hockey Club,0,6,0,29.0,28.0,,
2024-11-30,2024020387,Seattle Kraken,San Jose Sharks,2,4,0,38.0,23.0,,
2024-12-01,2024020388,Detroit Red Wings,Vancouver Canucks,4,5,1,,32.0,,
2024-12-01,2024020389,Boston Bruins,Montréal Canadiens,6,3,0,30.0,28.0,,
2024-12-01,2024020390,Chicago Blackhawks,Columbus Blue Jackets,3,6,0,31.0,36.0,,
2024-12-01,2024020391,Dallas Stars,Winnipeg Jets,3,1,0,31.0,27.0,,
2024-12-01,2024020392,Anaheim Ducks,Ottawa Senators,4,3,1,34.0,31.0,,
2024-12-02,2024020393,New York Rangers,New Jersey Devils,1,5,0,39.0,28.0,,
2024-12-02,2024020394,Toronto Maple Leafs,Chicago Blackhawks,4,1,0,22.0,28.0,,
2024-12-02,2024020395,Utah Hockey Club,Dallas Stars,1,2,0,37.0,,,
2024-12-03,2024020396,Boston Bruins,Detroit Red Wings,3,2,1,35.0,,,
2024-12-03,2024020397,Buffalo Sabres,Colorado Avalanche,4,5,0,30.0,41.0,,
2024-12-03,2024020398,Montréal Canadiens,New York Islanders,2,1,1,,31.0,,
2024-12-03,2024020399,Pittsburgh Penguins,Florida Panthers,5,4,1,,,,
2024-12-03,2024020400,Washington Capitals,San Jose Sharks,1,2,1,28.0,,,
2024-12-03,2024020401,Carolina Hurricanes,Seattle Kraken,2,4,0,19.0,28.0,,
2024-12-03,2024020402,Minnesota Wild,Vancouver Canucks,3,2,1,29.0,,,
2024-12-03,2024020403,Winnipeg Jets,St. Louis Blues,1,4,0,23.0,,,
2024-12-03,2024020404,Calgary Flames,Columbus Blue Jackets,3,0,0,22.0,,,
2024-12-03,2024020405,Vegas Golden Knights,Edmonton Oilers,1,0,0,16.0,28.0,,
2024-12-04,2024020406,Toronto Maple Leafs,Nashville Predators,3,2,0,28.0,,,
2024-12-04,2024020407,Chicago Blackhawks,Boston Bruins,2,4,0,22.0,27.0,,
2024-12-04,2024020408,Anaheim Ducks,Vegas Golden Knights,1,4,0,20.0,,,
2024-12-04,2024020409,Los Angeles Kings,Dallas Stars,3,2,0,17.0,,,
2024-12-05,2024020410,Buffalo Sabres,Winnipeg Jets,2,3,1,30.0,,,
2024-12-05,2024020411,Montréal Canadiens,Nashville Predators,3,0,0,30.0,,,
2024-12-05,2024020412,Ottawa Senators,Detroit Red Wings,2,1,0,,,,
2024-12-05,2024020413,Tampa Bay Lightning,San Jose Sharks,8,1,0,35.0,,,
2024-12-05,2024020414,Philadelphia Flyers,Florida Panthers,5,7,0,34.0,28.0,,
2024-12-05,2024020415,Carolina Hurricanes,Colorado Avalanche,5,3,0,35.0,,,
2024-12-05,2024020416,New York Islanders,Seattle Kraken,2,5,0,29.0,25.0,,
2024-12-05,2024020417,Calgary Flames,St. Louis Blues,3,4,1,39.0,24.0,,
2024-12-05,2024020418,Edmonton Oilers,Columbus Blue Jackets,6,3,0,36.0,22.0,,
2024-12-06,2024020419,Toronto Maple Leafs,Washington Capitals,1,3,0,,26.0,,
2024-12-06,2024020420,New Jersey Devils,Seattle Kraken,3,2,0,36.0,19.0,,
2024-12-06,2024020421,New York Rangers,Pittsburgh Penguins,4,2,0,32.0,22.0,,
2024-12-06,2024020422,Vancouver Canucks,Columbus Blue Jackets,5,2,0,17.0,32.0,,
2024-12-06,2024020423,Vegas Golden Knights,Dallas Stars,3,2,0,,40.0,,
2024-12-06,2024020424,Anaheim Ducks,Minnesota Wild,1,5,0,,33.0,,
2024-12-07,2024020425,Boston Bruins,Philadelphia Flyers,4,3,1,,26.0,,
2024-12-07,2024020426,Buffalo Sabres,Utah Hockey Club,2,5,0,,28.0,,
2024-12-07,2024020427,Chicago Blackhawks,Winnipeg Jets,2,4,0,14.0,,,
2024-12-07,2024020428,New York Islanders,Carolina Hurricanes,4,3,0,,31.0,,
2024-12-07,2024020429,Florida Panthers,San Jose Sharks,3,1,0,,,,
2024-12-07,2024020430,Montréal Canadiens,Washington Capitals,2,4,0,24.0,35.0,,
2024-12-07,2024020431,Ottawa Senators,Nashville Predators,3,1,0,,37.0,,
2024-12-07,2024020432,Detroit Red Wings,Colorado Avalanche,1,2,0,30.0,,,
2024-12-07,2024020433,Pittsburgh Penguins,Toronto Maple Leafs,5,2,0,29.0,,,
2024-12-07,2024020434,Los Angeles Kings,Minnesota Wild,4,1,0,,23.0,,
2024-12-07,2024020435,Edmonton Oilers,St. Louis Blues,4,2,0,,31.0,,
2024-12-08,2024020436,New York Rangers,Seattle Kraken,5,7,0,37.0,22.0,,
2024-12-08,2024020437,Vancouver Canucks,Tampa Bay Lightning,2,4,0,25.0,33.0,,
2024-12-08,2024020438,Ottawa Senators,New York Islanders,2,4,0,,13.0,,
2024-12-08,2024020439,Winnipeg Jets,Columbus Blue Jackets,1,4,0,,28.0,,
2024-12-08,2024020440,New Jersey Devils,Colorado Avalanche,0,4,0,,24.0,,
2024-12-08,2024020441,Philadelphia Flyers,Utah Hockey Club,2,4,0,24.0,25.0,,
2024-12-08,2024020442,Dallas Stars,Calgary Flames,6,2,0,28.0,31.0,,
2024-12-09,2024020443,Buffalo Sabres,Detroit Red Wings,5,6,1,21.0,31.0,,
2024-12-09,2024020444,New York Rangers,Chicago Blackhawks,1,2,0,30.0,32.0,,
2024-12-09,2024020445,Montréal Canadiens,Anaheim Ducks,3,2,1,,29.0,,
2024-12-10,2024020446,New Jersey Devils,Toronto Maple Leafs,1,2,1,,17.0,,
2024-12-10,2024020447,Pittsburgh Penguins,Colorado Avalanche,2,6,0,27.0,27.0,,
2024-12-10,2024020448,Carolina Hurricanes,San Jose Sharks,3,2,0,28.0,23.0,,
2024-12-10,2024020449,Columbus Blue Jackets,Philadelphia Flyers,3,5,0,18.0,,,
2024-12-10,2024020450,New York Islanders,Los Angeles Kings,1,3,0,20.0,,,
2024-12-10,2024020451,Nashville Predators,Calgary Flames,3,4,0,20.0,,,
2024-12-10,2024020452,Winnipeg Jets,Boston Bruins,8,1,0,35.0,,,
2024-12-10,2024020453,Edmonton Oilers,Tampa Bay Lightning,2,1,0,,22.0,,
2024-12-10,2024020454,Utah Hockey Club,Minnesota Wild,4,5,1,,,,
2024-12-10,2024020455,Vancouver Canucks,St. Louis Blues,3,4,1,,25.0,,
2024-12-10,2024020456,Seattle Kraken,Florida Panthers,1,2,1,18.0,33.0,,
2024-12-11,2024020457,Buffalo Sabres,New York Rangers,2,3,0,,28.0,,
2024-12-11,2024020458,Ottawa Senators,Anaheim Ducks,5,1,0,34.0,,,
2024-12-12,2024020459,Toronto Maple Leafs,Anaheim Ducks,3,2,0,33.0,,,
2024-12-12,2024020460,Montréal Canadiens,Pittsburgh Penguins,2,9,0,23.0,33.0,,
2024-12-12,2024020461,New Jersey Devils,Los Angeles Kings,3,1,0,26.0,14.0,,
2024-12-12,2024020462,Philadelphia Flyers,Detroit Red Wings,4,1,0,,26.0,,
2024-12-12,2024020463,Columbus Blue Jackets,Washington Capitals,1,2,1,33.0,37.0,,
2024-12-12,2024020464,New York Islanders,Chicago Blackhawks,5,4,0,21.0,,,
2024-12-12,2024020465,St. Louis Blues,San Jose Sharks,3,4,0,,,,
2024-12-12,2024020466,Dallas Stars,Nashville Predators,1,4,0,36.0,,,
2024-12-12,2024020467,Minnesota Wild,Edmonton Oilers,1,7,0,30.0,35.0,,
2024-12-12,2024020468,Winnipeg Jets,Vegas Golden Knights,2,3,1,,36.0,,
2024-12-12,2024020469,Colorado Avalanche,Utah Hockey Club,1,4,0,24.0,23.0,,
2024-12-12,2024020470,Calgary Flames,Tampa Bay Lightning,3,8,0,22.0,26.0,,
2024-12-12,2024020471,Vancouver Canucks,Florida Panthers,4,0,0,19.0,,,
2024-12-12,2024020472,Seattle Kraken,Boston Bruins,5,1,0,21.0,34.0,,
2024-12-13,2024020473,Carolina Hurricanes,Ottawa Senators,0,3,0,,22.0,,
2024-12-14,2024020474,New Jersey Devils,Chicago Blackhawks,4,1,0,24.0,17.0,,
2024-12-14,2024020475,New York Rangers,Los Angeles Kings,1,5,0,32.0,32.0,,
2024-12-14,2024020476,Minnesota Wild,Philadelphia Flyers,4,1,0,22.0,22.0,,
2024-12-14,2024020477,Edmonton Oilers,Vegas Golden Knights,6,3,0,,42.0,,
2024-12-14,2024020478,Ottawa Senators,Pittsburgh Penguins,3,2,1,,27.0,,
2024-12-14,2024020479,Detroit Red Wings,Toronto Maple Leafs,4,2,0,26.0,25.0,,
2024-12-14,2024020480,Washington Capitals,Buffalo Sabres,4,2,0,31.0,21.0,,
2024-12-14,2024020481,Columbus Blue Jackets,Anaheim Ducks,3,4,1,42.0,,,
2024-12-14,2024020482,Winnipeg Jets,Montréal Canadiens,4,2,0,27.0,,,
2024-12-14,2024020483,Dallas Stars,St. Louis Blues,2,1,1,37.0,16.0,,
2024-12-14,2024020484,Colorado Avalanche,Nashville Predators,5,2,0,,39.0,,
2024-12-14,2024020485,Calgary Flames,Florida Panthers,3,0,0,27.0,32.0,,
2024-12-14,2024020486,Vancouver Canucks,Boston Bruins,1,5,0,20.0,28.0,,
2024-12-14,2024020487,San Jose Sharks,Utah Hockey Club,3,4,0,22.0,40.0,,
2024-12-14,2024020488,Seattle Kraken,Tampa Bay Lightning,1,5,0,22.0,,,
2024-12-15,2024020489,Chicago Blackhawks,New York Islanders,5,3,0,,,,
2024-12-15,2024020490,Toronto Maple Leafs,Buffalo Sabres,5,3,0,41.0,27.0,,
2024-12-15,2024020491,Carolina Hurricanes,Columbus Blue Jackets,4,1,0,28.0,28.0,,
2024-12-15,2024020492,St. Louis Blues,New York Rangers,3,2,0,24.0,28.0,,
2024-12-15,2024020493,Minnesota Wild,Vegas Golden Knights,2,3,0,22.0,27.0,,
2024-12-16,2024020494,Dallas Stars,Washington Capitals,3,1,0,24.0,26.0,,
2024-12-16,2024020495,Edmonton Oilers,Florida Panthers,5,6,0,30.0,28.0,,
2024-12-16,2024020496,Vancouver Canucks,Colorado Avalanche,3,1,0,,31.0,,
2024-12-17,2024020497,Montréal Canadiens,Buffalo Sabres,6,1,0,,,,
2024-12-17,2024020498,Tampa Bay Lightning,Columbus Blue Jackets,5,3,0,33.0,32.0,,
2024-12-17,2024020499,Pittsburgh Penguins,Los Angeles Kings,3,2,1,31.0,31.0,,
2024-12-17,2024020500,Carolina Hurricanes,New York Islanders,4,0,0,29.0,,,
2024-12-17,2024020501,St. Louis Blues,New Jersey Devils,1,4,0,20.0,28.0,,
2024-12-17,2024020502,Nashville Predators,New York Rangers,2,0,0,32.0,,,
2024-12-17,2024020503,Chicago Blackhawks,Washington Capitals,3,2,0,,22.0,,
2024-12-17,2024020504,Calgary Flames,Boston Bruins,3,4,1,23.0,,,
2024-12-17,2024020505,Seattle Kraken,Ottawa Senators,0,3,0,30.0,27.0,,
2024-12-17,2024020506,San Jose Sharks,Winnipeg Jets,3,4,0,35.0,,,
2024-12-18,2024020507,Detroit Red Wings,Philadelphia Flyers,6,4,0,,19.0,,
2024-12-18,2024020508,Dallas Stars,Toronto Maple Leafs,3,5,0,39.0,,,
2024-12-18,2024020509,Minnesota Wild,Florida Panthers,1,6,0,27.0,33.0,,
2024-12-18,2024020510,Utah Hockey Club,Vancouver Canucks,3,2,1,,26.0,,
2024-12-18,2024020511,Anaheim Ducks,Winnipeg Jets,3,2,0,31.0,23.0,,
2024-12-19,2024020512,Tampa Bay Lightning,St. Louis Blues,3,1,0,18.0,32.0,,
2024-12-19,2024020513,Philadelphia Flyers,Los Angeles Kings,3,7,0,26.0,27.0,,
2024-12-19,2024020514,Columbus Blue Jackets,New Jersey Devils,4,2,0,20.0,42.0,,
2024-12-19,2024020515,Nashville Predators,Pittsburgh Penguins,4,5,1,,20.0,,
2024-12-19,2024020516,Chicago Blackhawks,Seattle Kraken,3,1,0,,27.0,,
2024-12-19,2024020517,Calgary Flames,Ottawa Senators,2,3,1,32.0,,,
2024-12-19,2024020518,Edmonton Oilers,Boston Bruins,3,2,1,,26.0,,
2024-12-19,2024020519,Vegas Golden Knights,Vancouver Canucks,3,1,0,21.0,20.0,,
2024-12-19,2024020520,San Jose Sharks,Colorado Avalanche,2,4,0,,31.0,,
2024-12-20,2024020521,Buffalo Sabres,Toronto Maple Leafs,3,6,0,,29.0,,
2024-12-20,2024020522,Detroit Red Wings,Montréal Canadiens,3,4,0,28.0,33.0,,
2024-12-20,2024020523,Florida Panthers,St. Louis Blues,2,1,1,,27.0,,
2024-12-20,2024020524,Washington Capitals,Carolina Hurricanes,3,1,0,22.0,25.0,,
2024-12-20,2024020525,Dallas Stars,New York Rangers,1,3,0,42.0,30.0,,
2024-12-20,2024020526,Minnesota Wild,Utah Hockey Club,1,2,0,29.0,18.0,,
2024-12-20,2024020527,Anaheim Ducks,Colorado Avalanche,2,4,0,32.0,23.0,,
2024-12-21,2024020528,Nashville Predators,Los Angeles Kings,3,2,1,26.0,24.0,,
2024-12-21,2024020529,Calgary Flames,Chicago Blackhawks,6,4,0,30.0,28.0,,
2024-12-21,2024020530,Edmonton Oilers,San Jose Sharks,3,2,1,,22.0,,
2024-12-21,2024020531,Boston Bruins,Buffalo Sabres,3,1,0,,20.0,,
2024-12-21,2024020532,Toronto Maple Leafs,New York Islanders,3,6,0,29.0,34.0,,
2024-12-21,2024020533,Montréal Canadiens,Detroit Red Wings,5,1,0,24.0,21.0,,
2024-12-21,2024020534,New Jersey Devils,Pittsburgh Penguins,3,0,0,,12.0,,
2024-12-21,2024020535,Philadelphia Flyers,Columbus Blue Jackets,5,4,1,30.0,25.0,,
2024-12-21,2024020536,Winnipeg Jets,Minnesota Wild,5,0,0,24.0,19.0,,
2024-12-21,2024020537,Vancouver Canucks,Ottawa Senators,4,5,1,25.0,,,
2024-12-21,2024020538,Vegas Golden Knights,Seattle Kraken,6,2,0,,23.0,,
2024-12-22,2024020539,New York Rangers,Carolina Hurricanes,1,3,0,23.0,,,
2024-12-22,2024020540,Tampa Bay Lightning,Florida Panthers,2,4,0,,,,
2024-12-22,2024020541,Washington Capitals,Los Angeles Kings,3,1,0,21.0,,,
2024-12-22,2024020542,Utah Hockey Club,Anaheim Ducks,4,5,1,25.0,30.0,,
2024-12-22,2024020543,Colorado Avalanche,Seattle Kraken,5,2,0,29.0,19.0,,
2024-12-22,2024020544,Edmonton Oilers,Ottawa Senators,3,1,0,21.0,21.0,,
2024-12-23,2024020545,New Jersey Devils,New York Rangers,5,0,0,30.0,12.0,,
2024-12-23,2024020546,Toronto Maple Leafs,Winnipeg Jets,2,5,0,25.0,27.0,,
2024-12-23,2024020547,Boston Bruins,Washington Capitals,4,1,0,22.0,11.0,,
2024-12-23,2024020548,Detroit Red Wings,St. Louis Blues,0,4,0,19.0,,,
2024-12-23,2024020549,Florida Panthers,Tampa Bay Lightning,0,4,0,36.0,29.0,,
2024-12-23,2024020550,Pittsburgh Penguins,Philadelphia Flyers,7,3,0,,27.0,,
2024-12-23,2024020551,Columbus Blue Jackets,Montréal Canadiens,5,4,0,32.0,,,
2024-12-23,2024020552,New York Islanders,Buffalo Sabres,1,7,0,,25.0,,
2024-12-23,2024020553,Nashville Predators,Carolina Hurricanes,5,2,0,25.0,27.0,,
2024-12-23,2024020554,Minnesota Wild,Chicago Blackhawks,4,3,0,,31.0,,
2024-12-23,2024020555,Vancouver Canucks,San Jose Sharks,4,3,0,24.0,,,
2024-12-23,2024020556,Utah Hockey Club,Dallas Stars,2,3,0,26.0,29.0,,
2024-12-23,2024020557,Vegas Golden Knights,Anaheim Ducks,3,1,0,33.0,,,
2024-12-27,2024020558,Buffalo Sabres,Chicago Blackhawks,6,2,0,35.0,,,
2024-12-27,2024020559,Detroit Red Wings,Toronto Maple Leafs,2,5,0,25.0,23.0,,
2024-12-27,2024020560,New Jersey Devils,Carolina Hurricanes,4,2,0,23.0,31.0,,
2024-12-27,2024020561,Columbus Blue Jackets,Boston Bruins,6,2,0,33.0,26.0,,
2024-12-27,2024020562,St. Louis Blues,Nashville Predators,7,4,0,30.0,30.0,,
2024-12-27,2024020563,Dallas Stars,Minnesota Wild,2,3,1,29.0,,,
2024-12-27,2024020564,Utah Hockey Club,Colorado Avalanche,1,4,0,35.0,,,
2024-12-27,2024020565,San Jose Sharks,Vegas Golden Knights,3,6,0,25.0,36.0,,
2024-12-28,2024020566,Florida Panthers,Montréal Canadiens,0,4,0,,25.0,,
2024-12-28,2024020567,Vancouver Canucks,Seattle Kraken,4,5,1,22.0,,,
2024-12-28,2024020568,Anaheim Ducks,Philadelphia Flyers,1,3,0,,25.0,,
2024-12-28,2024020569,Los Angeles Kings,Edmonton Oilers,4,3,1,29.0,27.0,,
2024-12-28,2024020570,Boston Bruins,Columbus Blue Jackets,4,0,0,28.0,18.0,,
2024-12-28,2024020571,Toronto Maple Leafs,Washington Capitals,2,5,0,37.0,,,
2024-12-28,2024020572,Tampa Bay Lightning,New York Rangers,6,2,0,25.0,44.0,,
2024-12-28,2024020573,Carolina Hurricanes,New Jersey Devils,5,2,0,41.0,23.0,,
2024-12-28,2024020574,Winnipeg Jets,Ottawa Senators,4,2,0,23.0,,,
2024-12-28,2024020575,New York Islanders,Pittsburgh Penguins,6,3,0,,25.0,,
2024-12-28,2024020576,San Jose Sharks,Calgary Flames,1,3,0,22.0,33.0,,
2024-12-29,2024020577,Chicago Blackhawks,Dallas Stars,1,5,0,,35.0,,
2024-12-29,2024020578,Anaheim Ducks,Edmonton Oilers,5,3,0,,23.0,,
2024-12-29,2024020579,Detroit Red Wings,Washington Capitals,4,2,0,,27.0,,
2024-12-29,2024020580,Tampa Bay Lightning,Montréal Canadiens,2,5,0,,37.0,,
2024-12-29,2024020581,Pittsburgh Penguins,New York Islanders,3,2,0,41.0,,,
2024-12-29,2024020582,St. Louis Blues,Buffalo Sabres,2,4,0,37.0,,,
2024-12-29,2024020583,Minnesota Wild,Ottawa Senators,1,3,0,31.0,37.0,,
2024-12-29,2024020584,Vegas Golden Knights,Calgary Flames,3,0,0,37.0,31.0,,
2024-12-29,2024020585,Los Angeles Kings,Philadelphia Flyers,5,4,0,20.0,21.0,,
2024-12-30,2024020586,Florida Panthers,New York Rangers,5,3,0,26.0,35.0,,
2024-12-30,2024020587,Winnipeg Jets,Nashville Predators,3,0,0,,,,
2024-12-30,2024020588,Seattle Kraken,Utah Hockey Club,5,2,0,33.0,,,
2024-12-31,2024020589,Washington Capitals,Boston Bruins,3,1,0,27.0,,,
2024-12-31,2024020590,Toronto Maple Leafs,New York Islanders,3,1,0,25.0,31.0,,
2024-12-31,2024020591,Vegas Golden Knights,Montréal Canadiens,2,3,0,,22.0,,
2024-12-31,2024020592,Chicago Blackhawks,St. Louis Blues,2,6,0,30.0,,,
2024-12-31,2024020593,Detroit Red Wings,Pittsburgh Penguins,4,2,0,25.0,25.0,,
2024-12-31,2024020594,Columbus Blue Jackets,Carolina Hurricanes,4,3,1,,35.0,,
2024-12-31,2024020595,Dallas Stars,Buffalo Sabres,4,2,0,33.0,23.0,,
2024-12-31,2024020596,Minnesota Wild,Nashville Predators,5,3,0,,,,
2024-12-31,2024020597,Colorado Avalanche,Winnipeg Jets,5,2,0,,,,
2024-12-31,2024020598,Anaheim Ducks,New Jersey Devils,3,2,0,26.0,,,
2024-12-31,2024020599,San Jose Sharks,Philadelphia Flyers,0,4,0,22.0,34.0,,
2024-12-31,2024020600,Calgary Flames,Vancouver Canucks,3,1,0,29.0,24.0,,
2024-12-31,2024020601,Edmonton Oilers,Utah Hockey Club,4,1,0,38.0,27.0,,
2025-01-01,2024020602,Los Angeles Kings,New Jersey Devils,3,0,0,24.0,,,
2025-01-02,2024020603,Florida Panthers,Carolina Hurricanes,1,3,0,26.0,40.0,,
2025-01-02,2024020604,New York Rangers,Boston Bruins,2,1,0,,33.0,,
2025-01-02,2024020605,Washington Capitals,Minnesota Wild,3,4,1,,33.0,,
2025-01-02,2024020606,Columbus Blue Jackets,Detroit Red Wings,4,5,0,25.0,26.0,,
2025-01-02,2024020607,New York Islanders,Toronto Maple Leafs,1,2,0,33.0,31.0,,
2025-01-02,2024020608,Dallas Stars,Ottawa Senators,4,2,0,25.0,,,
2025-01-02,2024020609,Winnipeg Jets,Anaheim Ducks,3,4,1,30.0,24.0,,
2025-01-02,2024020610,Colorado Avalanche,Buffalo Sabres,6,5,1,,21.0,,
2025-01-02,2024020611,Calgary Flames,Utah Hockey Club,3,5,0,,26.0,,
2025-01-02,2024020612,Vegas Golden Knights,Philadelphia Flyers,5,2,0,27.0,25.0,,
2025-01-02,2024020613,Seattle Kraken,Vancouver Canucks,3,4,1,,22.0,,
2025-01-02,2024020614,San Jose Sharks,Tampa Bay Lightning,2,1,0,25.0,,,
2025-01-03,2024020615,Florida Panthers,Pittsburgh Penguins,3,2,1,,,,
2025-01-03,2024020616,Chicago Blackhawks,Montréal Canadiens,4,2,0,,40.0,,
2025-01-03,2024020617,St. Louis Blues,Ottawa Senators,4,0,0,25.0,20.0,,
2025-01-03,2024020618,Edmonton Oilers,Anaheim Ducks,3,2,0,26.0,29.0,,
2025-01-03,2024020619,Vancouver Canucks,Nashville Predators,0,3,0,27.0,19.0,,
2025-01-04,2024020620,Washington Capitals,New York Rangers,7,4,0,28.0,33.0,,
2025-01-04,2024020621,Winnipeg Jets,Detroit Red Wings,2,4,0,23.0,29.0,,
2025-01-04,2024020622,San Jose Sharks,New Jersey Devils,3,2,0,24.0,30.0,,
2025-01-04,2024020623,Toronto Maple Leafs,Boston Bruins,6,4,0,29.0,31.0,,
2025-01-04,2024020624,Carolina Hurricanes,Minnesota Wild,0,4,0,,,,
2025-01-04,2024020625,Columbus Blue Jackets,St. Louis Blues,6,4,0,,33.0,,
2025-01-04,2024020626,Colorado Avalanche,Montréal Canadiens,1,2,1,23.0,23.0,,
2025-01-04,2024020627,Calgary Flames,Nashville Predators,1,4,0,,,,
2025-01-04,2024020628,Dallas Stars,Utah Hockey Club,3,2,1,29.0,35.0,,
2025-01-04,2024020629,Los Angeles Kings,Tampa Bay Lightning,2,1,0,21.0,34.0,,
2025-01-04,2024020630,Vegas Golden Knights,Buffalo Sabres,3,1,0,,24.0,,
2025-01-04,2024020631,Seattle Kraken,Edmonton Oilers,2,4,0,18.0,32.0,,
2025-01-05,2024020632,Chicago Blackhawks,New York Rangers,2,6,0,27.0,34.0,,
2025-01-05,2024020633,Boston Bruins,New York Islanders,4,5,1,30.0,37.0,,
2025-01-05,2024020634,Carolina Hurricanes,Pittsburgh Penguins,4,3,1,31.0,19.0,,
2025-01-05,2024020635,Toronto Maple Leafs,Philadelphia Flyers,3,2,1,25.0,32.0,,
2025-01-05,2024020636,Anaheim Ducks,Tampa Bay Lightning,4,1,0,,37.0,,
2025-01-06,2024020637,Buffalo Sabres,Washington Capitals,4,3,1,27.0,28.0,,
2025-01-06,2024020638,Montréal Canadiens,Vancouver Canucks,5,4,1,24.0,20.0,,
2025-01-06,2024020639,Colorado Avalanche,Florida Panthers,3,1,0,34.0,27.0,,
2025-01-06,2024020640,Seattle Kraken,New Jersey Devils,2,3,0,24.0,29.0,,
2025-01-07,2024020029,Tampa Bay Lightning,Carolina Hurricanes,3,2,0,33.0,,,
2025-01-07,2024020641,Boston Bruins,Edmonton Oilers,0,4,0,,39.0,,
2025-01-07,2024020642,Detroit Red Wings,Ottawa Senators,3,2,1,,33.0,,
2025-01-07,2024020643,New York Rangers,Dallas Stars,4,5,1,26.0,39.0,,
2025-01-07,2024020644,Philadelphia Flyers,Toronto Maple Leafs,2,3,0,32.0,,,
2025-01-07,2024020645,Pittsburgh Penguins,Columbus Blue Jackets,3,4,1,23.0,29.0,,
2025-01-07,2024020646,Minnesota Wild,St. Louis Blues,6,4,0,26.0,33.0,,
2025-01-07,2024020647,Winnipeg Jets,Nashville Predators,5,2,0,,,,
2025-01-07,2024020648,Anaheim Ducks,Calgary Flames,2,3,1,28.0,,,
2025-01-07,2024020649,San Jose Sharks,Vegas Golden Knights,2,4,0,,,,
2025-01-08,2024020650,Washington Capitals,Vancouver Canucks,2,1,1,18.0,,,
2025-01-08,2024020651,Chicago Blackhawks,Colorado Avalanche,3,1,0,,,,
2025-01-08,2024020652,Utah Hockey Club,Florida Panthers,1,4,0,26.0,33.0,,
2025-01-09,2024020654,Ottawa Senators,Buffalo Sabres,0,4,0,,,,
2025-01-09,2024020655,Tampa Bay Lightning,Boston Bruins,4,1,0,,28.0,,
2025-01-09,2024020656,New York Rangers,New Jersey Devils,3,2,1,32.0,,,
2025-01-09,2024020657,Philadelphia Flyers,Dallas Stars,1,4,0,28.0,23.0,,
2025-01-09,2024020658,Pittsburgh Penguins,Edmonton Oilers,5,3,0,26.0,,,
2025-01-09,2024020659,Carolina Hurricanes,Toronto Maple Leafs,6,3,0,34.0,33.0,,
2025-01-09,2024020660,Columbus Blue Jackets,Seattle Kraken,6,2,0,24.0,31.0,,
2025-01-09,2024020661,St. Louis Blues,Anaheim Ducks,6,2,0,,,,
2025-01-09,2024020662,Minnesota Wild,Colorado Avalanche,1,6,0,25.0,,,
2025-01-09,2024020663,Vegas Golden Knights,New York Islanders,0,4,0,30.0,,,
2025-01-10,2024020664,Detroit Red Wings,Chicago Blackhawks,5,3,0,28.0,15.0,,
2025-01-10,2024020665,Washington Capitals,Montréal Canadiens,2,3,1,17.0,,,
2025-01-10,2024020666,Carolina Hurricanes,Vancouver Canucks,2,0,0,20.0,14.0,,
2025-01-10,2024020667,Winnipeg Jets,Los Angeles Kings,1,2,1,,23.0,,
2025-01-10,2024020668,Utah Hockey Club,San Jose Sharks,2,1,0,,19.0,,
2025-01-11,2024020669,Florida Panthers,Boston Bruins,3,4,1,43.0,18.0,,
2025-01-11,2024020670,Buffalo Sabres,Seattle Kraken,2,6,0,,29.0,,
2025-01-11,2024020671,Pittsburgh Penguins,Ottawa Senators,0,5,0,,22.0,,
2025-01-11,2024020672,Toronto Maple Leafs,Vancouver Canucks,0,3,0,20.0,18.0,,
2025-01-11,2024020673,Montréal Canadiens,Dallas Stars,1,2,1,31.0,36.0,,
2025-01-11,2024020674,New Jersey Devils,Tampa Bay Lightning,3,2,1,26.0,,,
2025-01-11,2024020675,Philadelphia Flyers,Anaheim Ducks,6,0,0,30.0,,,
2025-01-11,2024020676,Chicago Blackhawks,Edmonton Oilers,3,4,0,22.0,34.0,,
2025-01-11,2024020677,St. Louis Blues,Columbus Blue Jackets,1,2,0,32.0,,,
2025-01-11,2024020678,Winnipeg Jets,Colorado Avalanche,3,0,0,29.0,,,
2025-01-11,2024020679,Nashville Predators,Washington Capitals,1,4,0,,,,
2025-01-11,2024020680,Utah Hockey Club,New York Islanders,1,2,0,22.0,32.0,,
2025-01-11,2024020681,Calgary Flames,Los Angeles Kings,2,1,0,18.0,32.0,,
2025-01-11,2024020682,Vegas Golden Knights,New York Rangers,1,2,0,,26.0,,
2025-01-11,2024020683,San Jose Sharks,Minnesota Wild,1,3,0,,22.0,,
2025-01-12,2024020684,Detroit Red Wings,Seattle Kraken,6,2,0,,33.0,,
2025-01-12,2024020685,Ottawa Senators,Dallas Stars,3,2,0,27.0,,,
2025-01-12,2024020686,Pittsburgh Penguins,Tampa Bay Lightning,2,5,0,33.0,19.0,,
2025-01-12,2024020687,Carolina Hurricanes,Anaheim Ducks,2,3,1,,,,
2025-01-12,2024020688,Vegas Golden Knights,Minnesota Wild,4,1,0,,16.0,,
2025-01-13,2024020689,Philadelphia Flyers,Florida Panthers,4,3,0,,23.0,,
2025-01-13,2024020690,Chicago Blackhawks,Calgary Flames,2,5,0,25.0,36.0,,
2025-01-13,2024020691,Edmonton Oilers,Los Angeles Kings,1,0,0,30.0,30.0,,
2025-01-14,2024020692,Boston Bruins,Tampa Bay Lightning,6,2,0,24.0,,,
2025-01-14,2024020693,Toronto Maple Leafs,Dallas Stars,1,4,0,28.0,23.0,,
2025-01-14,2024020694,Detroit Red Wings,San Jose Sharks,3,6,0,28.0,24.0,,
2025-01-14,2024020695,New Jersey Devils,Florida Panthers,1,2,1,27.0,,,
2025-01-14,2024020696,Pittsburgh Penguins,Seattle Kraken,2,4,0,33.0,,,
2025-01-14,2024020697,Washington Capitals,Anaheim Ducks,3,0,0,25.0,19.0,,
2025-01-14,2024020698,Columbus Blue Jackets,Philadelphia Flyers,3,2,1,28.0,,,
2025-01-14,2024020699,New York Islanders,Ottawa Senators,0,2,0,24.0,,,
2025-01-14,2024020700,St. Louis Blues,Calgary Flames,2,1,0,,28.0,,
2025-01-14,2024020701,Nashville Predators,Vegas Golden Knights,5,3,0,23.0,,,
2025-01-14,2024020702,Winnipeg Jets,Vancouver Canucks,6,1,0,,,,
2025-01-14,2024020703,Colorado Avalanche,New York Rangers,3,2,1,26.0,29.0,,
2025-01-14,2024020704,Utah Hockey Club,Montréal Canadiens,3,5,0,25.0,27.0,,
2025-01-15,2024020705,Buffalo Sabres,Carolina Hurricanes,4,2,0,24.0,37.0,,
2025-01-15,2024020706,Minnesota Wild,Edmonton Oilers,3,5,0,34.0,,,
2025-01-16,2024020707,Toronto Maple Leafs,New Jersey Devils,4,3,1,,24.0,,
2025-01-16,2024020708,Ottawa Senators,Washington Capitals,0,1,1,24.0,26.0,,
2025-01-16,2024020709,Tampa Bay Lightning,Anaheim Ducks,4,3,1,35.0,37.0,,
2025-01-16,2024020710,Florida Panthers,Detroit Red Wings,2,5,0,43.0,20.0,,
2025-01-16,2024020711,Columbus Blue Jackets,San Jose Sharks,4,1,0,34.0,,,
2025-01-16,2024020712,New York Islanders,Philadelphia Flyers,3,5,0,29.0,24.0,,
2025-01-16,2024020713,St. Louis Blues,Calgary Flames,4,1,0,,29.0,,
2025-01-16,2024020714,Nashville Predators,Chicago Blackhawks,3,2,1,41.0,26.0,,
2025-01-16,2024020715,Dallas Stars,Montréal Canadiens,1,3,0,33.0,24.0,,
2025-01-16,2024020716,Winnipeg Jets,Seattle Kraken,2,1,0,,18.0,,
2025-01-16,2024020717,Utah Hockey Club,New York Rangers,3,5,0,31.0,25.0,,
2025-01-16,2024020718,Colorado Avalanche,Edmonton Oilers,3,4,0,25.0,28.0,,
2025-01-16,2024020719,Vancouver Canucks,Los Angeles Kings,1,5,0,,21.0,,
2025-01-17,2024020720,Buffalo Sabres,Pittsburgh Penguins,2,5,0,42.0,19.0,,
2025-01-17,2024020721,Carolina Hurricanes,Vegas Golden Knights,3,2,0,28.0,,,
2025-01-18,2024020722,New Jersey Devils,Philadelphia Flyers,1,3,0,13.0,,,
2025-01-18,2024020723,Ottawa Senators,Boston Bruins,6,5,1,44.0,,,
2025-01-18,2024020724,Colorado Avalanche,Dallas Stars,6,3,0,36.0,,,
2025-01-18,2024020725,Florida Panthers,Anaheim Ducks,3,0,0,45.0,34.0,,
2025-01-18,2024020726,Montréal Canadiens,Toronto Maple Leafs,3,7,0,35.0,34.0,,
2025-01-18,2024020727,Tampa Bay Lightning,Detroit Red Wings,5,1,0,22.0,39.0,,
2025-01-18,2024020728,New York Rangers,Columbus Blue Jackets,1,0,1,26.0,,,
2025-01-18,2024020729,Washington Capitals,Pittsburgh Penguins,4,1,0,32.0,19.0,,
2025-01-18,2024020730,Winnipeg Jets,Calgary Flames,1,3,0,,22.0,,
2025-01-18,2024020731,New York Islanders,San Jose Sharks,4,1,0,31.0,19.0,,
2025-01-18,2024020732,Chicago Blackhawks,Vegas Golden Knights,5,3,0,,,,
2025-01-18,2024020733,Nashville Predators,Minnesota Wild,6,2,0,,29.0,,
2025-01-18,2024020734,Utah Hockey Club,St. Louis Blues,4,2,0,,24.0,,
2025-01-18,2024020735,Vancouver Canucks,Edmonton Oilers,3,2,0,27.0,15.0,,
2025-01-18,2024020736,Seattle Kraken,Los Angeles Kings,4,2,0,22.0,,,
2025-01-19,2024020737,New Jersey Devils,Ottawa Senators,1,2,0,26.0,,,
2025-01-19,2024020738,Montréal Canadiens,New York Rangers,5,4,1,37.0,28.0,,
2025-01-19,2024020739,Dallas Stars,Detroit Red Wings,4,1,0,,34.0,,
2025-01-20,2024020740,Boston Bruins,San Jose Sharks,6,3,0,33.0,28.0,,
2025-01-20,2024020741,Colorado Avalanche,Minnesota Wild,1,3,0,27.0,,,
2025-01-20,2024020742,Seattle Kraken,Buffalo Sabres,6,4,0,34.0,29.0,,
2025-01-20,2024020743,Vegas Golden Knights,St. Louis Blues,4,5,1,32.0,28.0,,
2025-01-20,2024020744,Toronto Maple Leafs,Tampa Bay Lightning,5,3,0,28.0,30.0,,
2025-01-20,2024020745,New York Islanders,Columbus Blue Jackets,3,1,0,,26.0,,
2025-01-20,2024020746,Chicago Blackhawks,Carolina Hurricanes,3,4,1,,48.0,,
2025-01-20,2024020747,Utah Hockey Club,Winnipeg Jets,5,2,0,,25.0,,
2025-01-20,2024020748,Los Angeles Kings,Pittsburgh Penguins,1,5,0,,32.0,,
2025-01-21,2024020749,Montréal Canadiens,Tampa Bay Lightning,3,2,0,,35.0,,
2025-01-21,2024020750,New York Rangers,Ottawa Senators,5,0,0,29.0,20.0,,
2025-01-21,2024020751,Philadelphia Flyers,Detroit Red Wings,2,1,1,,28.0,,
2025-01-21,2024020752,Nashville Predators,San Jose Sharks,7,5,0,41.0,24.0,,
2025-01-21,2024020753,Dallas Stars,Carolina Hurricanes,1,2,0,23.0,,,
2025-01-21,2024020754,Edmonton Oilers,Washington Capitals,2,3,0,32.0,14.0,,
2025-01-21,2024020755,Vancouver Canucks,Buffalo Sabres,2,3,0,34.0,,,
2025-01-21,2024020756,Anaheim Ducks,Florida Panthers,2,5,0,,,,
2025-01-22,2024020757,Toronto Maple Leafs,Columbus Blue Jackets,1,5,0,29.0,19.0,,
2025-01-22,2024020758,New Jersey Devils,Boston Bruins,5,1,0,34.0,23.0,,
2025-01-22,2024020759,Colorado Avalanche,Winnipeg Jets,2,3,1,27.0,25.0,,
2025-01-22,2024020760,Los Angeles Kings,Florida Panthers,2,1,0,28.0,,,
2025-01-23,2024020761,Boston Bruins,Ottawa Senators,2,0,0,,,,
2025-01-23,2024020762,Detroit Red Wings,Montréal Canadiens,4,2,0,45.0,,,
2025-01-23,2024020763,New York Rangers,Philadelphia Flyers,6,1,0,37.0,34.0,,
2025-01-23,2024020764,Carolina Hurricanes,Columbus Blue Jackets,7,4,0,43.0,22.0,,
2025-01-23,2024020765,St. Louis Blues,Vegas Golden Knights,2,4,0,17.0,31.0,,
2025-01-23,2024020766,Minnesota Wild,Utah Hockey Club,0,4,0,26.0,,,
2025-01-23,2024020767,Calgary Flames,Buffalo Sabres,5,2,0,26.0,,,
2025-01-23,2024020768,Edmonton Oilers,Vancouver Canucks,6,2,0,34.0,26.0,,
2025-01-23,2024020769,Anaheim Ducks,Pittsburgh Penguins,5,1,0,,32.0,,
2025-01-23,2024020770,Seattle Kraken,Washington Capitals,0,3,0,22.0,32.0,,
2025-01-23,2024020771,San Jose Sharks,Nashville Predators,5,6,0,35.0,38.0,,
2025-01-24,2024020772,New York Islanders,Philadelphia Flyers,3,1,0,27.0,30.0,,
2025-01-24,2024020773,Chicago Blackhawks,Tampa Bay Lightning,3,4,1,14.0,40.0,,
2025-01-24,2024020774,Dallas Stars,Vegas Golden Knights,4,3,0,27.0,21.0,,
2025-01-24,2024020775,Winnipeg Jets,Utah Hockey Club,5,2,0,,,,
2025-01-25,2024020776,Boston Bruins,Colorado Avalanche,3,1,0,15.0,,,
2025-01-25,2024020777,Edmonton Oilers,Buffalo Sabres,3,2,0,34.0,41.0,,
2025-01-25,2024020778,Seattle Kraken,Pittsburgh Penguins,4,1,0,25.0,,,
2025-01-25,2024020779,Montréal Canadiens,New Jersey Devils,3,4,1,32.0,44.0,,
2025-01-25,2024020780,Ottawa Senators,Toronto Maple Leafs,2,1,0,23.0,29.0,,
2025-01-25,2024020781,Detroit Red Wings,Tampa Bay Lightning,2,0,0,,,,
2025-01-25,2024020782,Columbus Blue Jackets,Los Angeles Kings,3,2,1,24.0,33.0,,
2025-01-25,2024020783,St. Louis Blues,Dallas Stars,0,2,0,33.0,,,
2025-01-25,2024020784,Minnesota Wild,Calgary Flames,4,5,0,25.0,29.0,,
2025-01-25,2024020785,New York Islanders,Carolina Hurricanes,3,2,1,27.0,,,
2025-01-25,2024020786,Vancouver Canucks,Washington Capitals,2,1,0,25.0,33.0,,
2025-01-25,2024020787,Anaheim Ducks,Nashville Predators,5,2,0,35.0,43.0,,
2025-01-25,2024020788,San Jose Sharks,Florida Panthers,2,7,0,,32.0,,
2025-01-26,2024020789,New York Rangers,Colorado Avalanche,4,5,0,,22.0,,
2025-01-26,2024020790,Ottawa Senators,Utah Hockey Club,3,1,0,27.0,35.0,,
2025-01-26,2024020791,Winnipeg Jets,Calgary Flames,5,2,0,27.0,22.0,,
2025-01-26,2024020792,Chicago Blackhawks,Minnesota Wild,2,4,0,20.0,28.0,,
2025-01-26,2024020793,Vegas Golden Knights,Florida Panthers,4,1,0,26.0,34.0,,
2025-01-27,2024020794,Detroit Red Wings,Los Angeles Kings,5,2,0,,25.0,,
2025-01-27,2024020795,Philadelphia Flyers,New Jersey Devils,4,2,0,26.0,33.0,,
2025-01-27,2024020796,St. Louis Blues,Vancouver Canucks,2,5,0,,,,
2025-01-27,2024020797,Edmonton Oilers,Seattle Kraken,4,2,0,31.0,,,
2025-01-27,2024020798,San Jose Sharks,Pittsburgh Penguins,2,1,0,28.0,30.0,,
2025-01-28,2024020799,Buffalo Sabres,Boston Bruins,7,2,0,,27.0,,
2025-01-28,2024020800,Montréal Canadiens,Winnipeg Jets,1,4,0,25.0,24.0,,
2025-01-28,2024020801,Tampa Bay Lightning,Chicago Blackhawks,1,4,0,35.0,,,
2025-01-28,2024020802,New York Rangers,Carolina Hurricanes,0,4,0,22.0,,,
2025-01-28,2024020803,New York Islanders,Colorado Avalanche,5,2,0,,32.0,,
2025-01-28,2024020804,Calgary Flames,Washington Capitals,1,3,0,,,,
2025-01-28,2024020805,Vegas Golden Knights,Dallas Stars,3,4,1,28.0,,,
2025-01-28,2024020806,Seattle Kraken,Anaheim Ducks,4,6,0,30.0,23.0,,
2025-01-29,2024020807,Toronto Maple Leafs,Minnesota Wild,1,3,0,33.0,,,
2025-01-29,2024020808,Florida Panthers,Los Angeles Kings,3,0,0,39.0,29.0,,
2025-01-29,2024020809,New Jersey Devils,Philadelphia Flyers,5,0,0,26.0,24.0,,
2025-01-29,2024020810,Nashville Predators,Vancouver Canucks,1,3,0,32.0,,,
2025-01-29,2024020811,Utah Hockey Club,Pittsburgh Penguins,2,3,1,,,,
2025-01-30,2024020812,Boston Bruins,Winnipeg Jets,2,6,0,28.0,28.0,,
2025-01-30,2024020813,Montréal Canadiens,Minnesota Wild,0,4,0,19.0,,,
2025-01-30,2024020814,Ottawa Senators,Washington Capitals,5,4,1,34.0,35.0,,
2025-01-30,2024020815,Tampa Bay Lightning,Los Angeles Kings,3,0,0,33.0,28.0,,
2025-01-30,2024020816,Philadelphia Flyers,New York Islanders,0,3,0,,28.0,,
2025-01-30,2024020817,Carolina Hurricanes,Chicago Blackhawks,3,2,0,27.0,20.0,,
2025-01-30,2024020818,Calgary Flames,Anaheim Ducks,4,1,0,,31.0,,
2025-01-30,2024020819,Edmonton Oilers,Detroit Red Wings,2,3,1,,35.0,,
2025-01-30,2024020820,Vegas Golden Knights,Columbus Blue Jackets,1,2,1,26.0,24.0,,
2025-01-30,2024020821,Seattle Kraken,San Jose Sharks,6,2,0,33.0,28.0,,
2025-01-31,2024020822,Buffalo Sabres,Nashville Predators,4,3,0,27.0,,,
2025-01-31,2024020823,Dallas Stars,Vancouver Canucks,5,3,0,16.0,29.0,,
2025-01-31,2024020824,Colorado Avalanche,St. Louis Blues,5,0,0,36.0,19.0,,
2025-01-31,2024020825,Utah Hockey Club,Columbus Blue Jackets,2,3,1,,,,
2025-02-01,2024020826,Florida Panthers,Chicago Blackhawks,5,1,0,44.0,25.0,,
2025-02-01,2024020827,Boston Bruins,New York Rangers,6,3,0,25.0,25.0,,
2025-02-01,2024020828,Ottawa Senators,Minnesota Wild,6,0,0,,16.0,,
2025-02-01,2024020829,Tampa Bay Lightning,New York Islanders,2,3,1,31.0,,,
2025-02-01,2024020830,Pittsburgh Penguins,Nashville Predators,3,0,0,,25.0,,
2025-02-01,2024020831,Washington Capitals,Winnipeg Jets,4,5,1,29.0,30.0,,
2025-02-01,2024020832,Carolina Hurricanes,Los Angeles Kings,2,4,0,28.0,26.0,,
2025-02-01,2024020833,Edmonton Oilers,Toronto Maple Leafs,3,4,0,,28.0,,
2025-02-01,2024020834,Calgary Flames,Detroit Red Wings,1,3,0,34.0,,,
2025-02-02,2024020835,Buffalo Sabres,New Jersey Devils,4,3,0,34.0,24.0,,
2025-02-02,2024020836,Colorado Avalanche,Philadelphia Flyers,2,0,0,32.0,24.0,,
2025-02-02,2024020837,Anaheim Ducks,Montréal Canadiens,3,2,0,,23.0,,
2025-02-02,2024020838,Florida Panthers,New York Islanders,6,3,0,33.0,34.0,,
2025-02-02,2024020839,New York Rangers,Vegas Golden Knights,4,2,0,,36.0,,
2025-02-02,2024020840,Dallas Stars,Columbus Blue Jackets,5,3,0,39.0,30.0,,
2025-02-02,2024020841,Utah Hockey Club,St. Louis Blues,1,2,0,,29.0,,
2025-02-02,2024020842,Vancouver Canucks,Detroit Red Wings,2,3,1,27.0,18.0,,
2025-02-02,2024020843,Seattle Kraken,Calgary Flames,2,3,0,,,,
2025-02-03,2024020844,Nashville Predators,Ottawa Senators,2,5,0,27.0,39.0,,
2025-02-04,2024020845,Boston Bruins,Minnesota Wild,3,0,0,35.0,,,
2025-02-04,2024020846,Buffalo Sabres,Columbus Blue Jackets,3,2,0,,,,
2025-02-04,2024020847,Tampa Bay Lightning,Ottawa Senators,4,3,0,,28.0,,
2025-02-04,2024020848,Pittsburgh Penguins,New Jersey Devils,2,3,1,27.0,21.0,,
2025-02-04,2024020849,Washington Capitals,Florida Panthers,6,3,0,,33.0,,
2025-02-04,2024020850,New York Islanders,Vegas Golden Knights,2,1,0,14.0,,,
2025-02-04,2024020851,St. Louis Blues,Edmonton Oilers,2,3,1,22.0,39.0,,
2025-02-04,2024020852,Winnipeg Jets,Carolina Hurricanes,3,0,0,30.0,29.0,,
2025-02-04,2024020853,Calgary Flames,Toronto Maple Leafs,3,6,0,,30.0,,
2025-02-04,2024020854,Utah Hockey Club,Philadelphia Flyers,3,2,1,,20.0,,
2025-02-04,2024020855,Vancouver Canucks,Colorado Avalanche,3,0,0,31.0,25.0,,
2025-02-04,2024020856,Anaheim Ducks,Dallas Stars,2,1,0,28.0,,,
2025-02-04,2024020857,Seattle Kraken,Detroit Red Wings,4,5,1,27.0,40.0,,
2025-02-04,2024020858,San Jose Sharks,Montréal Canadiens,3,4,0,30.0,20.0,,
2025-02-05,2024020859,New York Rangers,Boston Bruins,3,2,0,22.0,17.0,,
2025-02-05,2024020860,Chicago Blackhawks,Edmonton Oilers,3,4,1,,,,
2025-02-05,2024020861,Los Angeles Kings,Montréal Canadiens,6,3,0,37.0,21.0,,
2025-02-06,2024020862,Tampa Bay Lightning,Ottawa Senators,5,1,0,,28.0,,
2025-02-06,2024020863,New Jersey Devils,Vegas Golden Knights,1,3,0,15.0,40.0,,
2025-02-06,2024020864,Philadelphia Flyers,Washington Capitals,3,4,0,22.0,18.0,,
2025-02-06,2024020865,Columbus Blue Jackets,Utah Hockey Club,2,3,1,22.0,,,
2025-02-06,2024020866,St. Louis Blues,Florida Panthers,2,3,0,,34.0,,
2025-02-06,2024020867,Minnesota Wild,Carolina Hurricanes,2,1,0,,38.0,,
2025-02-06,2024020868,Calgary Flames,Colorado Avalanche,2,4,0,29.0,34.0,,
2025-02-06,2024020869,Seattle Kraken,Toronto Maple Leafs,1,3,0,27.0,,,
2025-02-06,2024020870,San Jose Sharks,Vancouver Canucks,1,2,1,,24.0,,
2025-02-07,2024020871,New York Rangers,Pittsburgh Penguins,2,3,0,,,,
2025-02-07,2024020872,Winnipeg Jets,New York Islanders,4,3,0,27.0,35.0,,
2025-02-07,2024020873,Chicago Blackhawks,Nashville Predators,6,2,0,30.0,33.0,,
2025-02-07,2024020874,Edmonton Oilers,Colorado Avalanche,4,5,0,,31.0,,
2025-02-07,2024020875,Los Angeles Kings,Dallas Stars,5,4,1,37.0,30.0,,
2025-02-08,2024020876,Montréal Canadiens,New Jersey Devils,0,4,0,,22.0,,
2025-02-08,2024020877,Detroit Red Wings,Tampa Bay Lightning,3,6,0,,18.0,,
2025-02-08,2024020878,Carolina Hurricanes,Utah Hockey Club,7,3,0,38.0,,,
2025-02-08,2024020879,Boston Bruins,Vegas Golden Knights,3,4,0,24.0,38.0,,
2025-02-08,2024020880,Florida Panthers,Ottawa Senators,5,1,0,48.0,,,
2025-02-08,2024020881,Philadelphia Flyers,Pittsburgh Penguins,3,2,0,20.0,,,
2025-02-08,2024020882,Columbus Blue Jackets,New York Rangers,3,4,0,,40.0,,
2025-02-08,2024020883,St. Louis Blues,Chicago Blackhawks,6,5,1,40.0,21.0,,
2025-02-08,2024020884,Vancouver Canucks,Toronto Maple Leafs,2,1,0,25.0,,,
2025-02-08,2024020885,Nashville Predators,Buffalo Sabres,6,4,0,23.0,29.0,,
2025-02-08,2024020886,Minnesota Wild,New York Islanders,6,3,0,33.0,35.0,,
2025-02-08,2024020887,Calgary Flames,Seattle Kraken,2,3,1,,28.0,,
2025-02-08,2024020888,Los Angeles Kings,Anaheim Ducks,1,2,1,,26.0,,
2025-02-08,2024020889,San Jose Sharks,Dallas Stars,3,8,0,,34.0,,
2025-02-09,2024020890,Washington Capitals,Utah Hockey Club,4,5,1,42.0,27.0,,
2025-02-09,2024020891,Montréal Canadiens,Tampa Bay Lightning,3,5,0,35.0,,,
2025-02-22,2024020892,Philadelphia Flyers,Edmonton Oilers,6,3,0,32.0,18.0,,
2025-02-22,2024020893,Pittsburgh Penguins,Washington Capitals,3,8,0,32.0,30.0,,
2025-02-22,2024020894,Detroit Red Wings,Minnesota Wild,3,4,1,30.0,39.0,,
2025-02-22,2024020895,Buffalo Sabres,New York Rangers,8,2,0,33.0,28.0,,
2025-02-22,2024020896,Florida Panthers,Seattle Kraken,1,2,0,,22.0,,
2025-02-22,2024020897,New Jersey Devils,Dallas Stars,2,4,0,,,,
2025-02-22,2024020898,Nashville Predators,Colorado Avalanche,2,1,0,17.0,32.0,,
2025-02-22,2024020899,Boston Bruins,Anaheim Ducks,2,3,1,30.0,29.0,,
2025-02-22,2024020900,Toronto Maple Leafs,Carolina Hurricanes,6,3,0,,35.0,,
2025-02-22,2024020901,Ottawa Senators,Montréal Canadiens,2,5,0,27.0,25.0,,
2025-02-22,2024020902,Columbus Blue Jackets,Chicago Blackhawks,5,1,0,21.0,28.0,,
2025-02-22,2024020903,St. Louis Blues,Winnipeg Jets,3,4,1,,28.0,,
2025-02-22,2024020904,Los Angeles Kings,Utah Hockey Club,5,3,0,,,,
2025-02-22,2024020905,Vegas Golden Knights,Vancouver Canucks,3,1,0,35.0,,,
2025-02-23,2024020906,Washington Capitals,Edmonton Oilers,7,3,0,,25.0,,
2025-02-23,2024020907,Pittsburgh Penguins,New York Rangers,3,5,0,40.0,16.0,,
2025-02-23,2024020908,Detroit Red Wings,Anaheim Ducks,5,4,1,36.0,28.0,,
2025-02-23,2024020909,Tampa Bay Lightning,Seattle Kraken,4,1,0,,37.0,,
2025-02-23,2024020910,St. Louis Blues,Colorado Avalanche,3,1,0,25.0,29.0,,
2025-02-23,2024020911,Nashville Predators,New Jersey Devils,0,5,0,29.0,36.0,,
2025-02-23,2024020912,Chicago Blackhawks,Toronto Maple Leafs,2,5,0,27.0,30.0,,
2025-02-23,2024020913,New York Islanders,Dallas Stars,3,4,0,37.0,,,
2025-02-23,2024020914,Calgary Flames,San Jose Sharks,3,2,0,,,,
2025-02-23,2024020915,Utah Hockey Club,Vancouver Canucks,2,1,0,32.0,16.0,,
2025-02-24,2024020916,Winnipeg Jets,San Jose Sharks,2,1,1,35.0,18.0,,
2025-02-24,2024020917,Los Angeles Kings,Vegas Golden Knights,5,2,0,19.0,23.0,,
2025-02-25,2024020918,Boston Bruins,Toronto Maple Leafs,4,5,1,,29.0,,
2025-02-25,2024020919,Buffalo Sabres,Anaheim Ducks,3,2,0,,18.0,,
2025-02-25,2024020920,Montréal Canadiens,Carolina Hurricanes,4,0,0,18.0,20.0,,
2025-02-25,2024020921,Tampa Bay Lightning,Edmonton Oilers,4,1,0,36.0,24.0,,
2025-02-25,2024020922,Philadelphia Flyers,Pittsburgh Penguins,6,1,0,38.0,24.0,,
2025-02-25,2024020923,Washington Capitals,Calgary Flames,1,3,0,,25.0,,
2025-02-25,2024020924,Columbus Blue Jackets,Dallas Stars,6,4,0,29.0,22.0,,
2025-02-25,2024020925,New York Islanders,New York Rangers,1,5,0,37.0,18.0,,
2025-02-25,2024020926,St. Louis Blues,Seattle Kraken,7,2,0,,,,
2025-02-25,2024020927,Nashville Predators,Florida Panthers,1,4,0,18.0,25.0,,
2025-02-25,2024020928,Minnesota Wild,Detroit Red Wings,2,3,0,,16.0,,
2025-02-25,2024020929,Utah Hockey Club,Chicago Blackhawks,2,1,0,37.0,22.0,,
2025-02-26,2024020930,Ottawa Senators,Winnipeg Jets,1,4,0,24.0,39.0,,
2025-02-26,2024020931,Colorado Avalanche,New Jersey Devils,5,1,0,37.0,,,
2025-02-26,2024020932,Los Angeles Kings,Vancouver Canucks,2,3,1,26.0,17.0,,
2025-02-27,2024020933,Boston Bruins,New York Islanders,1,2,0,39.0,,,
2025-02-27,2024020934,Montréal Canadiens,San Jose Sharks,4,3,1,33.0,26.0,,
2025-02-27,2024020935,Detroit Red Wings,Columbus Blue Jackets,2,5,0,,30.0,,
2025-02-27,2024020936,Tampa Bay Lightning,Calgary Flames,3,0,0,22.0,28.0,,
2025-02-27,2024020937,Florida Panthers,Edmonton Oilers,4,3,0,36.0,,,
2025-02-27,2024020938,Pittsburgh Penguins,Philadelphia Flyers,5,4,1,25.0,37.0,,
2025-02-27,2024020939,Washington Capitals,St. Louis Blues,2,5,0,18.0,19.0,,
2025-02-27,2024020940,Carolina Hurricanes,Buffalo Sabres,5,2,0,,15.0,,
2025-02-27,2024020941,Nashville Predators,Winnipeg Jets,2,1,0,31.0,,,
2025-02-27,2024020942,Utah Hockey Club,Minnesota Wild,6,1,0,31.0,16.0,,
2025-02-27,2024020943,Vegas Golden Knights,Chicago Blackhawks,7,5,0,33.0,,,
2025-02-27,2024020944,Anaheim Ducks,Vancouver Canucks,5,2,0,25.0,24.0,,
2025-02-28,2024020945,New York Rangers,Toronto Maple Leafs,2,3,0,35.0,16.0,,
2025-02-28,2024020946,Dallas Stars,Los Angeles Kings,6,2,0,31.0,31.0,,
2025-02-28,2024020947,Colorado Avalanche,Minnesota Wild,5,2,0,30.0,20.0,,
2025-03-01,2024020948,Columbus Blue Jackets,Detroit Red Wings,5,3,0,21.0,46.0,,
2025-03-01,2024020949,New York Islanders,Nashville Predators,7,4,0,35.0,29.0,,
2025-03-01,2024020950,Washington Capitals,Tampa Bay Lightning,1,3,0,21.0,19.0,,
2025-03-01,2024020951,Florida Panthers,Calgary Flames,3,0,0,42.0,23.0,,
2025-03-01,2024020952,Pittsburgh Penguins,Boston Bruins,2,3,0,,26.0,,
2025-03-01,2024020953,Buffalo Sabres,Montréal Canadiens,2,4,0,,29.0,,
2025-03-01,2024020954,Ottawa Senators,San Jose Sharks,5,3,0,32.0,37.0,,
2025-03-01,2024020955,Carolina Hurricanes,Edmonton Oilers,1,3,0,36.0,31.0,,
2025-03-01,2024020956,Winnipeg Jets,Philadelphia Flyers,1,2,1,,32.0,,
2025-03-01,2024020957,St. Louis Blues,Los Angeles Kings,4,1,0,34.0,26.0,,
2025-03-01,2024020958,Utah Hockey Club,New Jersey Devils,1,3,0,25.0,29.0,,
2025-03-01,2024020959,Anaheim Ducks,Chicago Blackhawks,3,6,0,31.0,,,
2025-03-01,2024020960,Seattle Kraken,Vancouver Canucks,6,3,0,,,,
2025-03-02,2024020961,Pittsburgh Penguins,Toronto Maple Leafs,5,6,1,34.0,33.0,,
2025-03-02,2024020962,Minnesota Wild,Boston Bruins,1,0,0,22.0,28.0,,
2025-03-02,2024020963,Carolina Hurricanes,Calgary Flames,2,1,1,33.0,16.0,,
2025-03-02,2024020964,Dallas Stars,St. Louis Blues,6,3,0,,,,
2025-03-02,2024020965,New York Rangers,Nashville Predators,4,0,0,34.0,34.0,,
2025-03-02,2024020966,Vegas Golden Knights,New Jersey Devils,2,0,0,24.0,,,
2025-03-03,2024020967,Washington Capitals,Ottawa Senators,5,4,1,41.0,,,
2025-03-03,2024020968,Montréal Canadiens,Buffalo Sabres,4,3,1,,36.0,,
2025-03-03,2024020969,Florida Panthers,Tampa Bay Lightning,2,1,0,29.0,29.0,,
2025-03-03,2024020970,New York Rangers,New York Islanders,4,0,0,27.0,21.0,,
2025-03-03,2024020971,Toronto Maple Leafs,San Jose Sharks,2,3,1,27.0,22.0,,
2025-03-03,2024020972,Chicago Blackhawks,Los Angeles Kings,5,1,0,19.0,42.0,,
2025-03-04,2024020973,Boston Bruins,Nashville Predators,3,6,0,21.0,30.0,,
2025-03-04,2024020974,Buffalo Sabres,San Jose Sharks,2,6,0,,28.0,,
2025-03-04,2024020975,Detroit Red Wings,Carolina Hurricanes,1,2,0,25.0,30.0,,
2025-03-04,2024020976,Tampa Bay Lightning,Columbus Blue Jackets,6,2,0,,33.0,,
2025-03-04,2024020977,Philadelphia Flyers,Calgary Flames,3,6,0,,34.0,,
2025-03-04,2024020978,New York Islanders,Winnipeg Jets,3,2,0,,28.0,,
2025-03-04,2024020979,Dallas Stars,New Jersey Devils,4,3,0,21.0,28.0,,
2025-03-04,2024020980,Colorado Avalanche,Pittsburgh Penguins,4,1,0,,,,
2025-03-04,2024020981,Edmonton Oilers,Anaheim Ducks,2,6,0,35.0,,,
2025-03-04,2024020982,Seattle Kraken,Minnesota Wild,3,4,0,36.0,20.0,,
2025-03-05,2024020983,New York Rangers,Washington Capitals,2,3,1,17.0,,,
2025-03-05,2024020984,Chicago Blackhawks,Ottawa Senators,3,4,1,,26.0,,
2025-03-05,2024020985,Vegas Golden Knights,Toronto Maple Leafs,5,2,0,,31.0,,
2025-03-05,2024020986,Vancouver Canucks,Anaheim Ducks,3,2,0,36.0,16.0,,
2025-03-05,2024020987,Los Angeles Kings,St. Louis Blues,2,3,1,,30.0,,
2025-03-06,2024020988,Detroit Red Wings,Utah Hockey Club,2,4,0,40.0,,,
2025-03-06,2024020989,Tampa Bay Lightning,Buffalo Sabres,6,5,0,26.0,33.0,,
2025-03-06,2024020990,Florida Panthers,Columbus Blue Jackets,3,0,0,36.0,16.0,,
2025-03-06,2024020991,Philadelphia Flyers,Winnipeg Jets,1,4,0,22.0,27.0,,
2025-03-06,2024020992,Carolina Hurricanes,Boston Bruins,3,2,0,,,,
2025-03-06,2024020993,Nashville Predators,Seattle Kraken,5,3,0,,25.0,,
2025-03-06,2024020994,Dallas Stars,Calgary Flames,3,2,1,,28.0,,
2025-03-06,2024020995,Edmonton Oilers,Montréal Canadiens,3,2,1,32.0,27.0,,
2025-03-06,2024020996,Colorado Avalanche,San Jose Sharks,7,3,0,,,,
2025-03-07,2024020997,New Jersey Devils,Winnipeg Jets,1,6,0,23.0,35.0,,
2025-03-07,2024020998,Washington Capitals,Detroit Red Wings,5,2,0,28.0,,,
2025-03-07,2024020999,Chicago Blackhawks,Utah Hockey Club,4,3,1,25.0,39.0,,
2025-03-07,2024021000,Vancouver Canucks,Minnesota Wild,3,1,0,20.0,38.0,,
2025-03-07,2024021001,Vegas Golden Knights,Pittsburgh Penguins,4,0,0,,22.0,,
2025-03-07,2024021002,Anaheim Ducks,St. Louis Blues,3,4,0,,22.0,,
2025-03-08,2024021003,Ottawa Senators,New York Rangers,4,3,1,37.0,23.0,,
2025-03-08,2024021004,Philadelphia Flyers,Seattle Kraken,1,4,0,24.0,32.0,,
2025-03-08,2024021005,Tampa Bay Lightning,Boston Bruins,0,4,0,,25.0,,
2025-03-08,2024021006,Florida Panthers,Buffalo Sabres,4,0,0,36.0,,,
2025-03-08,2024021007,Colorado Avalanche,Toronto Maple Leafs,7,4,0,,21.0,,
2025-03-08,2024021008,Calgary Flames,Montréal Canadiens,1,0,0,24.0,,,
2025-03-08,2024021009,Nashville Predators,Chicago Blackhawks,3,2,1,41.0,19.0,,
2025-03-08,2024021010,Los Angeles Kings,St. Louis Blues,2,1,1,23.0,20.0,,
2025-03-08,2024021011,Edmonton Oilers,Dallas Stars,5,4,0,27.0,25.0,,
2025-03-08,2024021012,San Jose Sharks,New York Islanders,2,4,0,40.0,28.0,,
2025-03-09,2024021013,Philadelphia Flyers,New Jersey Devils,1,3,0,24.0,,,
2025-03-09,2024021014,Washington Capitals,Seattle Kraken,4,2,0,,32.0,,
2025-03-09,2024021015,Minnesota Wild,Pittsburgh Penguins,1,3,0,30.0,22.0,,
2025-03-09,2024021016,Carolina Hurricanes,Winnipeg Jets,4,2,0,27.0,22.0,,
2025-03-09,2024021017,New York Rangers,Columbus Blue Jackets,3,7,0,35.0,,,
2025-03-09,2024021018,Vegas Golden Knights,Los Angeles Kings,5,6,0,,35.0,,
2025-03-09,2024021019,Vancouver Canucks,Dallas Stars,1,4,0,23.0,19.0,,
2025-03-09,2024021020,Anaheim Ducks,New York Islanders,4,1,0,,32.0,,
2025-03-10,2024021021,Buffalo Sabres,Edmonton Oilers,3,2,0,,34.0,,
2025-03-10,2024021022,Ottawa Senators,Detroit Red Wings,2,1,0,23.0,49.0,,
2025-03-10,2024021023,Colorado Avalanche,Chicago Blackhawks,3,0,0,,20.0,,
2025-03-10,2024021024,Utah Hockey Club,Toronto Maple Leafs,3,4,1,,,,
2025-03-11,2024021025,Boston Bruins,Florida Panthers,3,2,0,24.0,28.0,,
2025-03-11,2024021026,New Jersey Devils,Columbus Blue Jackets,5,3,0,,,,
2025-03-11,2024021027,Philadelphia Flyers,Ottawa Senators,2,5,0,,,,
2025-03-11,2024021028,Pittsburgh Penguins,Vegas Golden Knights,3,2,1,17.0,,,
2025-03-11,2024021029,Carolina Hurricanes,Tampa Bay Lightning,4,1,0,31.0,24.0,,
2025-03-11,2024021030,Minnesota Wild,Colorado Avalanche,2,1,1,,28.0,,
2025-03-11,2024021031,Winnipeg Jets,New York Rangers,2,1,0,,,,
2025-03-11,2024021032,Vancouver Canucks,Montréal Canadiens,2,4,0,,27.0,,
2025-03-11,2024021033,Anaheim Ducks,Washington Capitals,4,7,0,29.0,43.0,,
2025-03-11,2024021034,Los Angeles Kings,New York Islanders,4,1,0,32.0,34.0,,
2025-03-11,2024021035,San Jose Sharks,Nashville Predators,2,3,0,27.0,19.0,,
2025-03-12,2024021036,Detroit Red Wings,Buffalo Sabres,7,3,0,29.0,26.0,,
2025-03-12,2024021037,Calgary Flames,Vancouver Canucks,3,4,1,23.0,31.0,,
2025-03-12,2024021038,Utah Hockey Club,Anaheim Ducks,3,2,0,39.0,,,
2025-03-12,2024021039,Seattle Kraken,Montréal Canadiens,5,4,1,35.0,25.0,,
2025-03-13,2024021040,Toronto Maple Leafs,Florida Panthers,2,3,0,25.0,25.0,,
2025-03-13,2024021041,Ottawa Senators,Boston Bruins,6,3,0,32.0,25.0,,
2025-03-13,2024021042,New Jersey Devils,Edmonton Oilers,3,2,0,22.0,33.0,,
2025-03-13,2024021043,Philadelphia Flyers,Tampa Bay Lightning,4,3,1,29.0,20.0,,
2025-03-13,2024021044,Pittsburgh Penguins,St. Louis Blues,5,3,0,,35.0,,
2025-03-13,2024021045,Columbus Blue Jackets,Vegas Golden Knights,0,4,0,27.0,29.0,,
2025-03-13,2024021046,Minnesota Wild,New York Rangers,2,3,1,28.0,31.0,,
2025-03-13,2024021047,Los Angeles Kings,Washington Capitals,3,0,0,,,,
2025-03-13,2024021048,San Jose Sharks,Chicago Blackhawks,4,2,0,25.0,,,
2025-03-14,2024021049,Carolina Hurricanes,Detroit Red Wings,4,2,0,32.0,,,
2025-03-14,2024021050,New York Islanders,Edmonton Oilers,1,2,1,25.0,35.0,,
2025-03-14,2024021051,Winnipeg Jets,Dallas Stars,4,1,0,22.0,25.0,,
2025-03-14,2024021052,Calgary Flames,Colorado Avalanche,2,4,0,24.0,,,
2025-03-14,2024021053,Anaheim Ducks,Nashville Predators,2,1,0,15.0,29.0,,
2025-03-14,2024021054,Seattle Kraken,Utah Hockey Club,4,2,0,23.0,25.0,,
2025-03-15,2024021055,Buffalo Sabres,Vegas Golden Knights,4,3,1,37.0,19.0,,
2025-03-15,2024021056,Pittsburgh Penguins,New Jersey Devils,7,3,0,24.0,,,
2025-03-15,2024021057,San Jose Sharks,Washington Capitals,1,5,0,20.0,,,
2025-03-15,2024021058,Boston Bruins,Tampa Bay Lightning,2,6,0,12.0,,,
2025-03-15,2024021059,Toronto Maple Leafs,Ottawa Senators,2,4,0,23.0,25.0,,
2025-03-15,2024021060,Montréal Canadiens,Florida Panthers,3,1,0,15.0,22.0,,
2025-03-15,2024021061,Philadelphia Flyers,Carolina Hurricanes,0,5,0,26.0,30.0,,
2025-03-15,2024021062,Columbus Blue Jackets,New York Rangers,0,4,0,21.0,,,
2025-03-15,2024021063,Minnesota Wild,St. Louis Blues,1,5,0,18.0,28.0,,
2025-03-15,2024021064,Los Angeles Kings,Nashville Predators,1,0,1,21.0,,,
2025-03-15,2024021065,Vancouver Canucks,Chicago Blackhawks,6,2,0,15.0,19.0,,
2025-03-16,2024021066,Detroit Red Wings,Vegas Golden Knights,3,0,0,27.0,18.0,,
2025-03-16,2024021067,Colorado Avalanche,Dallas Stars,4,3,1,,22.0,,
2025-03-16,2024021068,St. Louis Blues,Anaheim Ducks,7,2,0,26.0,,,
2025-03-16,2024021069,New York Rangers,Edmonton Oilers,1,3,0,22.0,23.0,,
2025-03-16,2024021070,New York Islanders,Florida Panthers,4,2,0,,,,
2025-03-16,2024021071,Vancouver Canucks,Utah Hockey Club,1,3,0,19.0,,,
2025-03-16,2024021072,Seattle Kraken,Winnipeg Jets,2,3,1,,26.0,,
2025-03-17,2024021073,Boston Bruins,Buffalo Sabres,2,3,1,20.0,30.0,,
2025-03-17,2024021074,Tampa Bay Lightning,Philadelphia Flyers,2,0,0,23.0,,,
2025-03-17,2024021075,Columbus Blue Jackets,New Jersey Devils,1,2,0,,20.0,,
2025-03-17,2024021076,Toronto Maple Leafs,Calgary Flames,6,2,0,29.0,,,
2025-03-17,2024021077,Minnesota Wild,Los Angeles Kings,3,1,0,22.0,29.0,,
2025-03-18,2024021078,Montréal Canadiens,Ottawa Senators,6,3,0,,,,
2025-03-18,2024021079,New York Rangers,Calgary Flames,1,2,0,,35.0,,
2025-03-18,2024021080,Pittsburgh Penguins,New York Islanders,2,4,0,21.0,38.0,,
2025-03-18,2024021081,Washington Capitals,Detroit Red Wings,4,1,0,26.0,24.0,,
2025-03-18,2024021082,Nashville Predators,St. Louis Blues,1,4,0,23.0,21.0,,
2025-03-18,2024021083,Dallas Stars,Anaheim Ducks,4,3,1,31.0,,,
2025-03-18,2024021084,Chicago Blackhawks,Seattle Kraken,2,6,0,29.0,30.0,,
2025-03-18,2024021085,Edmonton Oilers,Utah Hockey Club,7,1,0,43.0,30.0,,
2025-03-18,2024021086,Vancouver Canucks,Winnipeg Jets,6,2,0,,22.0,,
2025-03-19,2024021087,Toronto Maple Leafs,Colorado Avalanche,2,1,0,26.0,39.0,,
2025-03-19,2024021088,Minnesota Wild,Seattle Kraken,4,0,0,28.0,,,
2025-03-20,2024021089,Ottawa Senators,Colorado Avalanche,1,5,0,16.0,33.0,,
2025-03-20,2024021090,New Jersey Devils,Calgary Flames,3,5,0,29.0,28.0,,
2025-03-20,2024021091,New York Rangers,Toronto Maple Leafs,3,4,0,30.0,28.0,,
2025-03-20,2024021092,Washington Capitals,Philadelphia Flyers,3,2,0,16.0,,,
2025-03-20,2024021093,Columbus Blue Jackets,Florida Panthers,0,1,1,,29.0,,
2025-03-20,2024021094,New York Islanders,Montréal Canadiens,4,3,1,,41.0,,
2025-03-20,2024021095,St. Louis Blues,Vancouver Canucks,4,3,1,29.0,,,
2025-03-20,2024021096,Nashville Predators,Anaheim Ducks,1,4,0,34.0,,,
2025-03-20,2024021097,Dallas Stars,Tampa Bay Lightning,2,3,1,,,,
2025-03-20,2024021098,Chicago Blackhawks,Los Angeles Kings,1,3,0,,33.0,,
2025-03-20,2024021099,Edmonton Oilers,Winnipeg Jets,3,4,1,,20.0,,
2025-03-20,2024021100,Utah Hockey Club,Buffalo Sabres,5,2,0,31.0,27.0,,
2025-03-20,2024021101,Vegas Golden Knights,Boston Bruins,5,1,0,32.0,19.0,,
2025-03-20,2024021102,San Jose Sharks,Carolina Hurricanes,1,3,0,,,,
2025-03-21,2024021103,Pittsburgh Penguins,Columbus Blue Jackets,6,3,0,34.0,47.0,,
2025-03-22,2024021104,New York Rangers,Vancouver Canucks,5,3,0,,,,
2025-03-22,2024021105,Dallas Stars,Philadelphia Flyers,3,2,1,19.0,,,
2025-03-22,2024021106,Minnesota Wild,Buffalo Sabres,4,1,0,,21.0,,
2025-03-22,2024021107,St. Louis Blues,Chicago Blackhawks,4,1,0,25.0,27.0,,
2025-03-22,2024021108,New York Islanders,Calgary Flames,3,4,1,29.0,35.0,,
2025-03-22,2024021109,Los Angeles Kings,Carolina Hurricanes,7,2,0,25.0,36.0,,
2025-03-22,2024021110,Washington Capitals,Florida Panthers,6,3,0,33.0,,,
2025-03-22,2024021111,Utah Hockey Club,Tampa Bay Lightning,6,4,0,,,,
2025-03-22,2024021112,Montréal Canadiens,Colorado Avalanche,4,5,1,29.0,37.0,,
2025-03-22,2024021113,New Jersey Devils,Ottawa Senators,2,3,0,27.0,,,
2025-03-22,2024021114,Nashville Predators,Toronto Maple Leafs,5,2,0,,26.0,,
2025-03-22,2024021115,Vegas Golden Knights,Detroit Red Wings,6,3,0,,31.0,,
2025-03-22,2024021116,Edmonton Oilers,Seattle Kraken,5,4,0,29.0,,,
2025-03-22,2024021117,San Jose Sharks,Boston Bruins,3,1,0,21.0,23.0,,
2025-03-23,2024021118,Chicago Blackhawks,Philadelphia Flyers,7,4,0,,29.0,,
2025-03-23,2024021119,Winnipeg Jets,Buffalo Sabres,3,5,0,36.0,17.0,,
2025-03-23,2024021120,Florida Panthers,Pittsburgh Penguins,4,3,1,31.0,27.0,,
2025-03-23,2024021121,St. Louis Blues,Nashville Predators,4,1,0,18.0,,,
2025-03-23,2024021122,Vegas Golden Knights,Tampa Bay Lightning,4,2,0,30.0,37.0,,
2025-03-23,2024021123,Anaheim Ducks,Carolina Hurricanes,2,5,0,,,,
2025-03-23,2024021124,Los Angeles Kings,Boston Bruins,7,2,0,23.0,,,
2025-03-24,2024021125,New Jersey Devils,Vancouver Canucks,3,4,1,25.0,28.0,,
2025-03-24,2024021126,New York Islanders,Columbus Blue Jackets,3,4,1,33.0,30.0,,
2025-03-24,2024021127,Dallas Stars,Minnesota Wild,3,0,0,,,,
2025-03-24,2024021128,Utah Hockey Club,Detroit Red Wings,1,5,0,19.0,14.0,,
2025-03-25,2024021129,Buffalo Sabres,Ottawa Senators,3,2,0,24.0,32.0,,
2025-03-25,2024021130,Toronto Maple Leafs,Philadelphia Flyers,7,2,0,30.0,,,
2025-03-25,2024021131,Tampa Bay Lightning,Pittsburgh Penguins,6,1,0,27.0,15.0,,
2025-03-25,2024021132,Carolina Hurricanes,Nashville Predators,1,3,0,35.0,,,
2025-03-25,2024021133,St. Louis Blues,Montréal Canadiens,6,1,0,,25.0,,
2025-03-25,2024021134,Minnesota Wild,Vegas Golden Knights,1,5,0,24.0,38.0,,
2025-03-25,2024021135,Winnipeg Jets,Washington Capitals,3,2,1,25.0,29.0,,
2025-03-25,2024021136,Colorado Avalanche,Detroit Red Wings,5,2,0,28.0,23.0,,
2025-03-25,2024021137,Calgary Flames,Seattle Kraken,4,3,1,,29.0,,
2025-03-25,2024021138,Los Angeles Kings,New York Rangers,3,1,0,33.0,,,
2025-03-26,2024021139,New York Islanders,Vancouver Canucks,2,5,0,,,,
2025-03-26,2024021140,Chicago Blackhawks,New Jersey Devils,3,5,0,,,,
2025-03-26,2024021141,Edmonton Oilers,Dallas Stars,3,4,0,44.0,24.0,,
2025-03-26,2024021142,Anaheim Ducks,Boston Bruins,6,2,0,37.0,25.0,,
2025-03-27,2024021143,Buffalo Sabres,Pittsburgh Penguins,7,3,0,30.0,25.0,,
2025-03-27,2024021144,Detroit Red Wings,Ottawa Senators,3,4,0,34.0,,,
2025-03-27,2024021145,Tampa Bay Lightning,Utah Hockey Club,8,0,0,22.0,25.0,,
2025-03-27,2024021146,Philadelphia Flyers,Montréal Canadiens,6,4,0,30.0,30.0,,
2025-03-27,2024021147,Nashville Predators,St. Louis Blues,2,3,0,18.0,,,
2025-03-27,2024021148,Minnesota Wild,Washington Capitals,4,2,0,21.0,,,
2025-03-27,2024021149,Colorado Avalanche,Los Angeles Kings,4,0,0,26.0,,,
2025-03-27,2024021150,Calgary Flames,Dallas Stars,2,5,0,48.0,19.0,,
2025-03-27,2024021151,Seattle Kraken,Edmonton Oilers,6,1,0,37.0,,,
2025-03-27,2024021152,San Jose Sharks,Toronto Maple Leafs,6,5,1,35.0,,,
2025-03-28,2024021153,Florida Panthers,Utah Hockey Club,2,1,1,,,,
2025-03-28,2024021154,Carolina Hurricanes,Montréal Canadiens,4,1,0,24.0,15.0,,
2025-03-28,2024021155,Columbus Blue Jackets,Vancouver Canucks,7,6,1,,37.0,,
2025-03-28,2024021156,Winnipeg Jets,New Jersey Devils,4,0,0,,24.0,,
2025-03-28,2024021157,Chicago Blackhawks,Vegas Golden Knights,3,5,0,21.0,22.0,,
2025-03-28,2024021158,Anaheim Ducks,New York Rangers,5,4,1,33.0,,,
2025-03-29,2024021159,Philadelphia Flyers,Buffalo Sabres,7,4,0,,21.0,,
2025-03-29,2024021160,Tampa Bay Lightning,New York Islanders,5,3,0,,,,
2025-03-29,2024021161,Colorado Avalanche,St. Louis Blues,1,2,0,29.0,,,
2025-03-29,2024021162,Minnesota Wild,New Jersey Devils,2,5,0,24.0,,,
2025-03-29,2024021163,Nashville Predators,Vegas Golden Knights,1,3,0,24.0,,,
2025-03-29,2024021164,Ottawa Senators,Columbus Blue Jackets,3,2,0,27.0,30.0,,
2025-03-29,2024021165,Los Angeles Kings,Toronto Maple Leafs,1,3,0,36.0,,,
2025-03-29,2024021166,Detroit Red Wings,Boston Bruins,2,1,0,22.0,21.0,,
2025-03-29,2024021167,Edmonton Oilers,Calgary Flames,3,2,1,29.0,,,
2025-03-29,2024021168,San Jose Sharks,New York Rangers,1,6,0,22.0,33.0,,
2025-03-29,2024021169,Seattle Kraken,Dallas Stars,1,5,0,36.0,,,
2025-03-30,2024021170,Florida Panthers,Montréal Canadiens,2,4,0,26.0,23.0,,
2025-03-30,2024021171,Washington Capitals,Buffalo Sabres,5,8,0,29.0,23.0,,
2025-03-30,2024021172,Winnipeg Jets,Vancouver Canucks,3,1,0,27.0,24.0,,
2025-03-30,2024021173,Chicago Blackhawks,Utah Hockey Club,2,5,0,29.0,31.0,,
2025-03-30,2024021174,Pittsburgh Penguins,Ottawa Senators,1,0,1,35.0,31.0,,
2025-03-30,2024021175,Carolina Hurricanes,New York Islanders,6,4,0,30.0,31.0,,
2025-03-30,2024021176,Anaheim Ducks,Toronto Maple Leafs,2,3,0,31.0,,,
2025-03-30,2024021177,Los Angeles Kings,San Jose Sharks,8,1,0,36.0,23.0,,
2025-03-31,2024021178,New Jersey Devils,Minnesota Wild,3,2,1,28.0,30.0,,
2025-03-31,2024021179,Philadelphia Flyers,Nashville Predators,2,1,0,18.0,29.0,,
2025-03-31,2024021180,Colorado Avalanche,Calgary Flames,2,3,1,,27.0,,
2025-03-31,2024021181,Seattle Kraken,Dallas Stars,1,3,0,36.0,,,
2025-04-01,2024021182,Boston Bruins,Washington Capitals,3,4,0,24.0,32.0,,
2025-04-01,2024021183,Montréal Canadiens,Florida Panthers,3,2,1,21.0,27.0,,
2025-04-01,2024021184,Ottawa Senators,Buffalo Sabres,2,5,0,35.0,,,
2025-04-01,2024021185,Columbus Blue Jackets,Nashville Predators,8,4,0,37.0,,,
2025-04-01,2024021186,New York Islanders,Tampa Bay Lightning,1,4,0,29.0,24.0,,
2025-04-01,2024021187,St. Louis Blues,Detroit Red Wings,2,1,1,,21.0,,
2025-04-01,2024021188,Utah Hockey Club,Calgary Flames,3,1,0,28.0,34.0,,
2025-04-01,2024021189,Vegas Golden Knights,Edmonton Oilers,2,3,0,,20.0,,
2025-04-01,2024021190,Anaheim Ducks,San Jose Sharks,4,3,1,37.0,31.0,,
2025-04-01,2024021191,Los Angeles Kings,Winnipeg Jets,4,1,0,,20.0,,
2025-04-02,2024021192,New York Rangers,Minnesota Wild,5,4,1,,24.0,,
2025-04-02,2024021193,Carolina Hurricanes,Washington Capitals,5,1,0,,21.0,,
2025-04-02,2024021194,Toronto Maple Leafs,Florida Panthers,3,2,0,,31.0,,
2025-04-02,2024021195,Chicago Blackhawks,Colorado Avalanche,2,3,1,23.0,31.0,,
2025-04-02,2024021196,Vancouver Canucks,Seattle Kraken,0,5,0,24.0,,,
2025-04-03,2024021197,Montréal Canadiens,Boston Bruins,4,1,0,32.0,,,
2025-04-03,2024021198,Ottawa Senators,Tampa Bay Lightning,2,1,0,19.0,32.0,,
2025-04-03,2024021199,Columbus Blue Jackets,Colorado Avalanche,3,7,0,30.0,32.0,,
2025-04-03,2024021200,St. Louis Blues,Pittsburgh Penguins,5,4,1,19.0,28.0,,
2025-04-03,2024021201,Dallas Stars,Nashville Predators,5,1,0,27.0,29.0,,
2025-04-03,2024021202,Utah Hockey Club,Los Angeles Kings,2,4,0,30.0,20.0,,
2025-04-03,2024021203,Calgary Flames,Anaheim Ducks,4,1,0,34.0,,,
2025-04-03,2024021204,Vegas Golden Knights,Winnipeg Jets,0,4,0,,,,
2025-04-03,2024021205,San Jose Sharks,Edmonton Oilers,2,3,0,29.0,38.0,,
2025-04-04,2024021206,Detroit Red Wings,Carolina Hurricanes,5,3,0,21.0,33.0,,
2025-04-04,2024021207,Washington Capitals,Chicago Blackhawks,5,3,0,29.0,,,
2025-04-04,2024021208,New York Islanders,Minnesota Wild,3,1,0,27.0,28.0,,
2025-04-05,2024021209,New Jersey Devils,New York Rangers,4,0,0,,26.0,,
2025-04-05,2024021210,Ottawa Senators,Florida Panthers,3,0,0,22.0,39.0,,
2025-04-05,2024021211,Dallas Stars,Pittsburgh Penguins,3,5,0,24.0,40.0,,
2025-04-05,2024021212,Vancouver Canucks,Anaheim Ducks,6,2,0,26.0,32.0,,
2025-04-05,2024021213,Los Angeles Kings,Edmonton Oilers,3,0,0,,27.0,,
2025-04-05,2024021214,Boston Bruins,Carolina Hurricanes,5,1,0,27.0,,,
2025-04-05,2024021215,Buffalo Sabres,Tampa Bay Lightning,3,2,1,38.0,24.0,,
2025-04-05,2024021216,Toronto Maple Leafs,Columbus Blue Jackets,5,0,0,27.0,,,
2025-04-05,2024021217,Montréal Canadiens,Philadelphia Flyers,3,2,0,,24.0,,
2025-04-05,2024021218,St. Louis Blues,Colorado Avalanche,5,4,0,22.0,39.0,,
2025-04-05,2024021219,Utah Hockey Club,Winnipeg Jets,4,1,0,28.0,33.0,,
2025-04-05,2024021220,Calgary Flames,Vegas Golden Knights,2,3,1,,34.0,,
2025-04-05,2024021221,San Jose Sharks,Seattle Kraken,1,5,0,,22.0,,
2025-04-06,2024021222,New York Islanders,Washington Capitals,4,1,0,,,,
2025-04-06,2024021223,Minnesota Wild,Dallas Stars,3,2,1,41.0,25.0,,
2025-04-06,2024021224,Ottawa Senators,Columbus Blue Jackets,4,0,0,30.0,,,
2025-04-06,2024021225,Detroit Red Wings,Florida Panthers,2,1,0,,33.0,,
2025-04-06,2024021226,Buffalo Sabres,Boston Bruins,6,3,0,,20.0,,
2025-04-06,2024021227,Chicago Blackhawks,Pittsburgh Penguins,3,1,0,31.0,,,
2025-04-06,2024021228,Nashville Predators,Montréal Canadiens,1,2,0,37.0,17.0,,
2025-04-06,2024021229,Vancouver Canucks,Vegas Golden Knights,2,3,0,,,,
2025-04-07,2024021230,New York Rangers,Tampa Bay Lightning,1,5,0,,23.0,,
2025-04-07,2024021231,Winnipeg Jets,St. Louis Blues,3,1,0,26.0,,,
2025-04-07,2024021232,Anaheim Ducks,Edmonton Oilers,3,2,0,21.0,47.0,,
2025-04-07,2024021233,Los Angeles Kings,Seattle Kraken,1,2,0,29.0,28.0,,
2025-04-07,2024021234,San Jose Sharks,Calgary Flames,2,3,0,31.0,32.0,,
2025-04-08,2024021235,Buffalo Sabres,Carolina Hurricanes,3,0,0,18.0,,,
2025-04-08,2024021236,Montréal Canadiens,Detroit Red Wings,4,1,0,21.0,36.0,,
2025-04-08,2024021237,Florida Panthers,Toronto Maple Leafs,3,1,0,37.0,18.0,,
2025-04-08,2024021238,New Jersey Devils,Boston Bruins,2,7,0,21.0,,,
2025-04-08,2024021239,Columbus Blue Jackets,Ottawa Senators,5,2,0,,35.0,,
2025-04-08,2024021240,Pittsburgh Penguins,Chicago Blackhawks,5,0,0,27.0,26.0,,
2025-04-08,2024021241,Nashville Predators,New York Islanders,7,6,1,32.0,22.0,,
2025-04-08,2024021242,Dallas Stars,Vancouver Canucks,5,6,1,28.0,32.0,,
2025-04-08,2024021243,Utah Hockey Club,Seattle Kraken,7,1,0,41.0,19.0,,
2025-04-08,2024021244,Colorado Avalanche,Vegas Golden Knights,3,2,1,36.0,21.0,,
2025-04-09,2024021245,Tampa Bay Lightning,Toronto Maple Leafs,3,4,1,,31.0,,
2025-04-09,2024021246,New York Rangers,Philadelphia Flyers,5,8,0,29.0,30.0,,
2025-04-09,2024021247,Minnesota Wild,San Jose Sharks,8,7,1,44.0,,,
2025-04-09,2024021248,Edmonton Oilers,St. Louis Blues,4,3,0,,,,
2025-04-09,2024021249,Anaheim Ducks,Calgary Flames,4,3,1,,39.0,,
2025-04-10,2024021250,Boston Bruins,Chicago Blackhawks,2,5,0,33.0,21.0,,
2025-04-10,2024021251,Florida Panthers,Detroit Red Wings,4,1,0,,,,
2025-04-10,2024021252,Washington Capitals,Carolina Hurricanes,5,4,1,28.0,34.0,,
2025-04-10,2024021253,Columbus Blue Jackets,Buffalo Sabres,3,2,0,30.0,41.0,,
2025-04-10,2024021254,New York Islanders,New York Rangers,2,9,0,46.0,,,
2025-04-10,2024021255,Dallas Stars,Winnipeg Jets,0,4,0,25.0,,,
2025-04-10,2024021256,Colorado Avalanche,Vancouver Canucks,1,4,0,32.0,30.0,,
2025-04-10,2024021257,Utah Hockey Club,Nashville Predators,3,4,1,,31.0,,
2025-04-10,2024021258,Vegas Golden Knights,Seattle Kraken,2,1,0,25.0,25.0,,
2025-04-10,2024021259,Los Angeles Kings,Anaheim Ducks,6,1,0,29.0,,,
2025-04-11,2024021260,Ottawa Senators,Montréal Canadiens,5,2,0,34.0,22.0,,
2025-04-11,2024021261,Tampa Bay Lightning,Detroit Red Wings,3,4,1,21.0,26.0,,
2025-04-11,2024021262,New Jersey Devils,Pittsburgh Penguins,2,4,0,28.0,24.0,,
2025-04-11,2024021263,Edmonton Oilers,San Jose Sharks,4,2,0,34.0,24.0,,
2025-04-11,2024021264,Calgary Flames,Minnesota Wild,4,2,0,32.0,,,
2025-04-12,2024021265,Philadelphia Flyers,New York Islanders,4,3,1,22.0,40.0,,
2025-04-12,2024021266,Carolina Hurricanes,New York Rangers,7,3,0,,31.0,,
2025-04-12,2024021267,Los Angeles Kings,Colorado Avalanche,5,4,0,,26.0,,
2025-04-12,2024021268,Florida Panthers,Buffalo Sabres,3,2,1,34.0,28.0,,
2025-04-12,2024021269,Toronto Maple Leafs,Montréal Canadiens,1,0,1,,15.0,,
2025-04-12,2024021270,Columbus Blue Jackets,Washington Capitals,7,0,0,,22.0,,
2025-04-12,2024021271,Chicago Blackhawks,Winnipeg Jets,4,5,1,,42.0,,
2025-04-12,2024021272,Dallas Stars,Utah Hockey Club,3,5,0,24.0,34.0,,
2025-04-12,2024021273,Vancouver Canucks,Minnesota Wild,2,3,1,,33.0,,
2025-04-12,2024021274,Vegas Golden Knights,Nashville Predators,5,3,0,29.0,,,
2025-04-12,2024021275,Seattle Kraken,St. Louis Blues,4,3,1,18.0,,,
2025-04-13,2024021276,Ottawa Senators,Philadelphia Flyers,4,3,1,25.0,32.0,,
2025-04-13,2024021277,New Jersey Devils,New York Islanders,0,1,0,25.0,23.0,,
2025-04-13,2024021278,Pittsburgh Penguins,Boston Bruins,1,4,0,24.0,32.0,,
2025-04-13,2024021279,Carolina Hurricanes,Toronto Maple Leafs,1,4,0,26.0,20.0,,
2025-04-13,2024021280,Tampa Bay Lightning,Buffalo Sabres,7,4,0,,25.0,,
2025-04-13,2024021281,Washington Capitals,Columbus Blue Jackets,1,4,0,31.0,23.0,,
2025-04-13,2024021282,Winnipeg Jets,Edmonton Oilers,1,4,0,18.0,39.0,,
2025-04-13,2024021283,Calgary Flames,San Jose Sharks,5,2,0,30.0,30.0,,
2025-04-13,2024021284,Anaheim Ducks,Colorado Avalanche,2,4,0,21.0,,,
2025-04-14,2024021285,Montréal Canadiens,Chicago Blackhawks,3,4,1,21.0,,,
2025-04-14,2024021286,Detroit Red Wings,Dallas Stars,6,4,0,37.0,28.0,,
2025-04-14,2024021287,Florida Panthers,New York Rangers,3,5,0,30.0,,,
2025-04-14,2024021288,Nashville Predators,Utah Hockey Club,3,7,0,,,,
2025-04-14,2024021289,Edmonton Oilers,Los Angeles Kings,0,5,0,,,,
2025-04-14,2024021290,Vancouver Canucks,San Jose Sharks,2,1,1,37.0,16.0,,
2025-04-15,2024021291,Boston Bruins,New Jersey Devils,4,5,1,,,,
2025-04-15,2024021292,Buffalo Sabres,Toronto Maple Leafs,0,4,0,,32.0,,
2025-04-15,2024021293,Ottawa Senators,Chicago Blackhawks,3,4,1,37.0,,,
2025-04-15,2024021294,Tampa Bay Lightning,Florida Panthers,5,1,0,31.0,24.0,,
2025-04-15,2024021295,Philadelphia Flyers,Columbus Blue Jackets,0,3,0,29.0,34.0,,
2025-04-15,2024021296,New York Islanders,Washington Capitals,1,3,0,,36.0,,
2025-04-15,2024021297,St. Louis Blues,Utah Hockey Club,6,1,0,,23.0,,
2025-04-15,2024021298,Minnesota Wild,Anaheim Ducks,3,2,1,,,,
2025-04-15,2024021299,Calgary Flames,Vegas Golden Knights,5,4,1,,42.0,,
2025-04-15,2024021300,Seattle Kraken,Los Angeles Kings,5,6,0,,24.0,,
2025-04-16,2024021301,Montréal Canadiens,Carolina Hurricanes,4,2,0,22.0,29.0,,
2025-04-16,2024021302,Winnipeg Jets,Anaheim Ducks,2,1,1,44.0,31.0,,
2025-04-16,2024021303,New Jersey Devils,Detroit Red Wings,2,5,0,,27.0,,
2025-04-16,2024021304,Nashville Predators,Dallas Stars,5,1,0,34.0,30.0,,
2025-04-16,2024021305,Vancouver Canucks,Vegas Golden Knights,1,4,0,,31.0,,
2025-04-16,2024021306,San Jose Sharks,Edmonton Oilers,0,3,0,,28.0,,
2025-04-17,2024020653,Los Angeles Kings,Calgary Flames,1,5,0,31.0,29.0,,
2025-04-17,2024021307,Buffalo Sabres,Philadelphia Flyers,5,4,0,31.0,,,
2025-04-17,2024021308,Toronto Maple Leafs,Detroit Red Wings,4,3,1,20.0,,,
2025-04-17,2024021309,Ottawa Senators,Carolina Hurricanes,7,5,0,32.0,33.0,,
2025-04-17,2024021310,New York Rangers,Tampa Bay Lightning,4,0,0,,,,
2025-04-17,2024021311,Pittsburgh Penguins,Washington Capitals,5,2,0,38.0,,,
2025-04-17,2024021312,Columbus Blue Jackets,New York Islanders,6,1,0,26.0,,,
